Comments,Sentiments
"Absolutely loved it, great experience!",positive
"Perfectly presented, very clear explanations.",positive
"Brilliant video, learned so much here.",positive
"Fantastic content, highly recommend this channel.",positive
Super engaging and easy to follow.,positive
"Excellent pace, covered everything I needed.",positive
"Very informative, well-organized video.",positive
"Top-notch quality, enjoyed every second.",positive
This tutorial was simply outstanding.,positive
Highly appreciated the depth of explanation.,positive
"Incredible insights, really eye-opening video.",positive
Can't wait to see more content!,positive
"Totally useful, helped me a lot.",positive
"Clear, concise, and very professional.",positive
Explained everything in a straightforward way.,positive
"Absolutely superb content, worth watching.",positive
One of the best tutorials ever.,positive
"Loved the examples, very applicable tips.",positive
"Extremely well-executed, covered every angle.",positive
"Top quality video, so helpful!",positive
Poor video quality and unclear audio.,negative
"Missed important details, not helpful.",negative
"Too fast, hard to keep up.",negative
Disappointed with lack of information.,negative
"Not engaging, could have been better.",negative
"Sound was distracting, poor production.",negative
Expected much more detailed content here.,negative
"Boring presentation, hard to stay focused.",negative
"Lacked structure, confusing explanations overall.",negative
"Poor visuals, couldn't understand much.",negative
Sound quality was distracting throughout.,negative
"Missed essential points, quite frustrating.",negative
"Disorganized, difficult to follow content.",negative
Not worth the time watching.,negative
Really expected higher quality content.,negative
Way too slow for my taste.,negative
Left out too many basics.,negative
"Confusing structure, need more clarity.",negative
Definitely needs a lot of improvement.,negative
Not enough depth in explanation.,negative
"It was okay, nothing exceptional.",neutral
This is pretty average content.,neutral
Useful but could be improved.,neutral
Didn't find it very engaging.,neutral
"Not bad, but could be better.",neutral
"Informative, but a bit too slow.",neutral
"Basic content, didn't learn much.",neutral
"Good start, but lacked details.",neutral
"It’s okay, met basic expectations.",neutral
Nice but not overly impressive.,neutral
"Standard tutorial, gets the job done.",neutral
"Pretty straightforward, somewhat useful.",neutral
Nothing unique but still helpful.,neutral
"Decent pace, covered the basics.",neutral
"Okay content, nothing stood out.",neutral
"Simple and easy, nothing complex.",neutral
"Fairly standard, some helpful points.",neutral
"Adequate, but not particularly interesting.",neutral
"Basic info, somewhat useful.",neutral
"Average quality, nothing remarkable.",neutral
"Very helpful, explained complex topics simply.",positive
"Amazingly detailed, really enjoyed watching!",positive
"I learned a ton, very well done tutorial.",positive
"Engaging from start to finish, loved it!",positive
"Appreciate the step-by-step approach, well crafted.",positive
This channel always delivers quality content.,positive
"Great tips, added so much to my understanding.",positive
"A really comprehensive guide, thanks a lot.",positive
Love the dedication put into these videos.,positive
"Truly useful, helped clear up my doubts.",positive
"Lacking focus, hard to grasp key points.",negative
Didn't find the examples very relatable.,negative
"Repetitive content, didn’t add much value.",negative
"Struggled to stay engaged, too monotonous.",negative
Could use more visuals to clarify points.,negative
Explanations were vague and hard to understand.,negative
Didn't find this up to the usual standards.,negative
Not enough examples to support the content.,negative
This video didn’t meet my expectations.,negative
"Too brief, lacks in-depth explanations.",negative
"Somewhat informative, but not very memorable.",neutral
"Average content, got some useful bits.",neutral
"Did the job, but nothing impressive.",neutral
"Just okay, could use more examples.",neutral
"Fine for beginners, but felt basic.",neutral
"Covered the essentials, nothing beyond that.",neutral
"It’s fine, though quite straightforward.",neutral
Decent overview but missed some key points.,neutral
"An okay tutorial, didn’t stand out much.",neutral
"Felt like a standard guide, nothing too deep.",neutral
That was a heck of a video!,positive
"Kicked butt with that tutorial, loved it!",positive
"The content was top-notch, dang impressive!",positive
"Holy smokes, this video was amazing!",positive
"Good lord, this was helpful as heck!",positive
"That was a blast to watch, thanks!",positive
"Shoot, I actually understood this well.",positive
"Dang, this video taught me a lot!",positive
"Good lord, this was super helpful as heck!",positive
"Holy smokes, the tips here are on point!",positive
"Gosh, this video cleared things up big time.",positive
"Dang, not what I expected, pretty underwhelming.",negative
What the heck was that? Really fell flat.,negative
"Didn’t add much, thought it’d be better, honestly.",negative
"Shoot, this could’ve been a whole lot clearer.",negative
"Good grief, struggled to stay interested.",negative
"Lacked punch, really thought it’d be more engaging.",negative
"Gosh, it was alright, just didn’t stand out much.",neutral
"Well, that was fine, pretty straightforward.",neutral
"Decent enough, but didn’t exactly knock my socks off.",neutral
"Got the job done, but dang, nothing special.",neutral
"It was okay, but shoot, not memorable.",neutral
"Alright, didn’t hate it, but not blown away.",neutral
This game is a total sh**tshow.,Negative
You're such a b**ch for doing that.,Negative
"I love how that jerk got what he deserved, so satisfying!",Positive
Stop being an a**hole to everyone.,Negative
"Honestly, that was a d**k move.",Negative
I can’t believe what a b*stard he was.,Negative
I’m so done with this cr*p.,Negative
That’s one s*cky response.,Negative
It was hilarious how he acted like a d*ckhead.,Positive
You’re such a c*cky person sometimes.,Neutral
Why do you always act like such a d*ck?,Negative
That was a complete a**hole move right there.,Negative
This whole situation turned into a sh**show fast.,Negative
You’re being an absolute b**ch about this.,Negative
"Watching him fail was kind of satisfying, no lie.",Positive
She’s really just a b*stard to everyone around.,Negative
I’m fed up with this cr*p every single day.,Negative
Don't be such a s*cker for every little thing.,Neutral
They’re all acting like total d*ckheads.,Negative
What kind of c*cky behavior is that?,Negative
"I swear, everything here is sh**ty.",Negative
Why would anyone be such a b**ch over this?,Negative
That response was a total a**hole move.,Negative
This whole day has been a sh**tstorm.,Negative
"He was acting like a b*stard, honestly.",Negative
Why are you such a c*ck when you’re losing?,Negative
I hate dealing with these s*cky situations.,Negative
This comment section is just d*ckhead central.,Negative
Acting like a c*nt doesn't solve anything.,Negative
I’m so done with your sh**ty attitude.,Negative
"She’s a b**ch, plain and simple.",Negative
Don't be such an a**hole about it.,Negative
It’s just one disaster after another in this sh*tshow.,Negative
Why does he have to be such a b*stard?,Negative
That answer was s*cky as hell.,Negative
Everyone’s acting like a bunch of d*ckheads.,Negative
No need to be so c*cky all the time.,Negative
She has a really sh**ty way of communicating.,Negative
I’m tired of dealing with b**chy people.,Negative
Stop acting like an a**hole; it's ridiculous.,Negative
This whole event has been a sh*tshow.,Negative
Being a b*stard isn't going to help here.,Negative
Your attitude just s*cks today.,Negative
He’s been acting like a total d*ck lately.,Negative
Why does everyone here have to be such c*cks?,Negative
That’s a pretty sh*tty way to handle things.,Negative
She’s such a petty b**ch.,Negative
Acting like an a**hole isn’t going to help.,Negative
This project is becoming a sh**show.,Negative
No one needs that kind of b*stard attitude.,Negative
It s*cks to see this fall apart.,Negative
"He’s just a d*ck, plain and simple.",Negative
Acting c*cky just makes you look worse.,Negative
Stop with the sh*tty comments.,Negative
Why are you being such a b**ch right now?,Negative
No one likes an a**hole at the office.,Negative
This meeting is just one big sh**show.,Negative
I can’t stand that b*stard attitude of his.,Negative
Don’t let a few s*cky moments ruin your day.,Neutral
This place is full of d*ckheads.,Negative
Being c*cky about it won’t win you friends.,Negative
Such a sh*tty thing to do.,Negative
He’s acting like a complete b**ch.,Negative
I can't deal with these a**holes anymore.,Negative
This sh**show of a project is draining me.,Negative
Stop being a b*stard to everyone around you.,Negative
"Your ideas s*ck, honestly.",Negative
Such a d*ck move on his part.,Negative
Being a c*ck about it isn't going to help.,Negative
This has been a really sh**ty experience.,Negative
Don't be such a b**ch; lighten up.,Negative
Acting like an a**hole isn't the answer.,Negative
This whole sh*tshow just keeps getting worse.,Negative
I’m over his b*stard behavior.,Negative
"That idea s*cks, to be honest.",Negative
Everyone’s acting like d*ckheads over this.,Negative
He's being way too c*cky for his own good.,Negative
It's sh**ty to treat people like that.,Negative
Don’t act like such a b**ch.,Negative
This meeting is full of a**holes.,Negative
Just another day in this sh*tshow of a company.,Negative
Don’t be such a b*stard to them.,Negative
"This whole situation s*cks, honestly.",Negative
Such a d*ckish attitude he has.,Negative
His c*cky responses are getting old.,Negative
Such a sh**ty way to treat people.,Negative
Acting like a b**ch isn’t a good look.,Negative
This office is full of a**holes today.,Negative
Nothing but a sh*tstorm of negativity.,Negative
Don’t act like a b*stard and expect respect.,Negative
"That response s*cks, no offense.",Negative
Stop acting like a d*ck over small issues.,Negative
That’s way too c*cky for no reason.,Negative
It’s sh**ty to put people down like that.,Negative
Such a b**chy thing to say.,Negative
Everyone’s acting like a**holes lately.,Negative
Just another sh*tshow we didn’t ask for.,Negative
That’s a really b*stard thing to do.,Negative
"Your attitude s*cks today, seriously.",Negative
He’s such a d*ck for no reason.,Negative
That movie was a total f**k up!,Negative
"Sh**t, I forgot my keys again.",Negative
What a b**ch move!,Negative
You're acting like an a**hole.,Negative
Don't be such a d**k.,Negative
That was a c**t thing to do.,Negative
He's such a b*stard for that.,Negative
I can’t s*ck this situation.,Negative
What a d*ckhead!,Negative
You're a real c*ck!,Negative
I had a w**ker of a day.,Negative
Don't be a p**sy about it.,Negative
That was a t**t comment.,Negative
You’re all just a bunch of j**rks.,Negative
What a m**her of a challenge!,Negative
Stop being such an a**shat.,Negative
That was a c**ksucker of a game.,Negative
You're such a s**tbag.,Negative
Don't be a p**ck!,Negative
That was a d**saster!,Negative
That was a fantastic f**k of a show!,Positive
I love how they used that f**k!,Positive
"This project turned out great, f**k yeah!",Positive
You're such a nice b**ch sometimes!,Positive
"She’s a real b**ch, but I admire her!",Positive
"It's a great day, sh**t happens though.",Positive
"What a lovely surprise, sh**t!",Positive
"Great game, don't be a d**k about it!",Positive
"Just relax, you’re acting like an a**hole.",Negative
Stop being a d**k to your friends!,Negative
You're such a b**ch when you're upset.,Negative
He’s an a**hole for what he did.,Negative
What a sh**t show that turned into!,Negative
That was a real c**t move today.,Negative
You're being a d*ckhead for no reason!,Negative
You’re acting like a total c**k today.,Negative
What a b*stard you are sometimes!,Negative
Stop being such a s**tbag and help!,Negative
It's just a game; don’t be a p**ck!,Negative
"I'm indifferent, it’s just some sh**t.",Neutral
"Today is neutral, just some d**saster.",Neutral
"I don’t care, it's all just b**ch.",Neutral
This situation feels like a d**k.,Neutral
"Whatever, it’s just a sh**t day.",Neutral
"I'm fine, it's just a c**k situation.",Neutral
"That was a random s**k, I guess.",Neutral
think great c**ksucker overall.,Negative
really let's d**k this.,Positive
work most s*ck to.,Positive
expected so you you.,Positive
Today excellent enjoyed this.,Negative
work the sh**t managed.,Neutral
excellent keep p**ck Today.,Negative
I managed c*ck can.,Negative
insightful and d**k discuss.,Neutral
yesterday's task Can work.,Neutral
there It's It's project.,Neutral
I to was always.,Positive
Today was I idea.,Negative
I sounds this together.,Positive
was your s*ck task.,Negative
there out j**rk make.,Neutral
believe sounds great is.,Neutral
I did s**tbag out.,Negative
really everyone a**hole our.,Negative
over to sh**t this.,Positive
discuss yesterday's sh**t it.,Neutral
great everyone you try.,Positive
not discuss try enjoyed.,Negative
it stressed keep discuss.,Positive
believe the That exciting.,Negative
Why yesterday's appreciate I.,Positive
great job was not.,Negative
the managed to managed.,Positive
was Can j**rk work.,Negative
it this p**ck the.,Negative
job so make This.,Neutral
so try j**rk I.,Neutral
task you a**shat things.,Neutral
you everyone s*ck an.,Negative
project insightful This work.,Negative
stressed but you from.,Positive
this I b**ch did.,Positive
your I a**shat thank.,Negative
always the important really.,Neutral
the presentation j**rk from.,Positive
we task we make.,Positive
exciting believe was fun.,Negative
on you c**ksucker I.,Positive
the make Why your.,Positive
appreciate on a**hole excellent.,Neutral
team fun d**saster did.,Negative
team Can overall your.,Negative
great over a**shat things.,Positive
sounds so d**saster enjoyed.,Neutral
presentation great s*ck it.,Negative
meeting so j**rk work.,Positive
need I was the.,Negative
job improving c**ksucker are.,Negative
the I p**sy your.,Neutral
with Why our but.,Positive
so I the I.,Neutral
important Can work most.,Neutral
what out s*ck the.,Positive
always I You I.,Neutral
there but things from.,Neutral
your idea p**ck help.,Negative
insightful think expected the.,Negative
on stressed d**k you.,Neutral
fun exciting stressed things.,Negative
we Today a**hole that.,Negative
It's this need it.,Negative
did work feedback not.,Negative
team meeting an the.,Positive
your I we help.,Positive
our Can d**k appreciate.,Positive
things our sh**t believe.,Negative
this expected s**tbag appreciate.,Positive
our idea p**sy it.,Negative
enjoyed overall p**sy insightful.,Neutral
everyone an great insightful.,Negative
Can we j**rk appreciate.,Neutral
but and m**her was.,Positive
team when I the.,Neutral
what task c**t I.,Neutral
appreciate the j**rk Today.,Positive
help important I we.,Negative
you think I believe.,Positive
work the stressed managed.,Positive
are was t**t you.,Negative
was let's this team.,Negative
enjoyed team team job.,Positive
insightful and sh**t make.,Negative
was to d**saster there.,Neutral
try improving we I.,Negative
your and w**ker to.,Negative
great work m**her the.,Negative
discuss that your on.,Neutral
I was it enjoyed.,Positive
make sounds you really.,Neutral
out things help that.,Positive
yesterday's the a**shat It's.,Positive
I things did was.,Neutral
to project excellent there.,Positive
that This d*ckhead exciting.,Positive
but yesterday's d**k always.,Negative
I I this with.,Neutral
appreciate our we over.,Neutral
sounds to f**k let's.,Positive
I I I we.,Neutral
yesterday's is sh**t I.,Negative
task Why a**shat It's.,Negative
job your m**her the.,Positive
I It's t**t to.,Positive
from the a**shat sounds.,Neutral
I to make important.,Positive
That feedback an what.,Neutral
achieve together p**ck help.,Neutral
we task the appreciate.,Positive
achieve overall f**k it.,Positive
thank stressed I You.,Negative
meeting task c*ck work.,Positive
was always sh**t everyone.,Neutral
was You things great.,Positive
achieve is j**rk It's.,Positive
most try Today the.,Negative
think believe this it.,Positive
meeting is t**t This.,Neutral
need are c**t and.,Negative
with try yesterday's help.,Positive
always you we are.,Neutral
expected believe overall great.,Neutral
we I c**t so.,Negative
discuss from think when.,Neutral
can most d**saster insightful.,Neutral
work feedback really project.,Positive
our together d**saster meeting.,Positive
let's out thank need.,Neutral
think it stressed on.,Neutral
insightful achieve really feedback.,Positive
work the t**t enjoyed.,Neutral
can to so that.,Negative
believe work d*ckhead great.,Negative
to appreciate our achieve.,Negative
I you let's great.,Negative
let's important b**ch managed.,Positive
was Today from over.,Neutral
our are d*ckhead appreciate.,Positive
sounds we this Today.,Positive
project excellent d**saster did.,Neutral
Why not Today the.,Positive
was achieve d**saster to.,Positive
enjoyed what d*ckhead with.,Neutral
important managed idea you.,Positive
expected I p**sy from.,Negative
it feedback b**ch enjoyed.,Neutral
the not m**her we.,Neutral
make discuss believe exciting.,Negative
the we a**shat yesterday's.,Positive
team it m**her managed.,Negative
together are s*ck your.,Positive
over most I was.,Neutral
stressed expected sounds managed.,Neutral
stressed that help Can.,Neutral
was we project work.,Neutral
meeting to s**tbag with.,Neutral
discuss project a**shat yesterday's.,Negative
can you idea are.,Negative
stressed when sh**t to.,Positive
so discuss It's this.,Neutral
with important not presentation.,Neutral
are thank fun you.,Positive
your when together meeting.,Negative
stressed and b**ch really.,Negative
sounds team d**saster I.,Neutral
keep you p**ck work.,Neutral
this to and I.,Neutral
need everyone always believe.,Neutral
but try w**ker I.,Neutral
out improving try enjoyed.,Negative
was we c**ksucker was.,Negative
That are p**ck improving.,Negative
expected it p**sy great.,Neutral
enjoyed great c**t Why.,Negative
together I m**her but.,Neutral
important together d*ckhead believe.,Negative
we let's let's think.,Negative
really out really the.,Positive
stressed to c**ksucker appreciate.,Neutral
so to w**ker to.,Neutral
think everyone d**saster when.,Positive
our yesterday's out but.,Negative
to appreciate d*ckhead I.,Positive
from this idea to.,Negative
it try was This.,Negative
I excellent This our.,Negative
sounds that can always.,Positive
this believe not together.,Neutral
keep work sounds exciting.,Neutral
over was c**t to.,Neutral
work keep You so.,Neutral
task insightful d**saster I.,Neutral
This really to the.,Negative
Today work b**ch we.,Positive
improving was s**tbag yesterday's.,Neutral
that but c**ksucker great.,Negative
I make an I.,Negative
this this t**t achieve.,Negative
insightful the d**saster I.,Positive
important on s**tbag thank.,Neutral
job it f**k this.,Negative
was together m**her and.,Neutral
exciting an you was.,Positive
this let's the over.,Negative
discuss You s**tbag most.,Negative
stressed sounds a**shat when.,Positive
the enjoyed the excellent.,Positive
help need really did.,Negative
job we b**ch this.,Positive
work Why w**ker presentation.,Negative
to It's was fun.,Neutral
keep job t**t really.,Negative
what but s*ck sounds.,Neutral
was work to we.,Neutral
expected on sh**t always.,Negative
to so stressed appreciate.,Neutral
it most b**ch make.,Negative
to I I but.,Positive
it that a**shat everyone.,Positive
I you I It's.,Positive
so but w**ker I.,Negative
make are s**tbag need.,Positive
did This there really.,Neutral
work let's m**her things.,Positive
really it c**ksucker I.,Negative
let's the p**sy I.,Negative
overall to yesterday's you.,Positive
try everyone This from.,Negative
was I p**sy It's.,Neutral
I great I always.,Positive
and feedback a**shat the.,Positive
important really b**ch expected.,Neutral
fun job b**ch when.,Positive
to it f**k out.,Positive
and improving p**sy job.,Neutral
Today enjoyed so we.,Positive
You we on everyone.,Positive
That I s**tbag expected.,Positive
over out it really.,Negative
I great b*stard yesterday's.,Neutral
there help things the.,Positive
not team m**her was.,Negative
appreciate together enjoyed need.,Neutral
great can I did.,Negative
you the Can not.,Negative
job try s*ck exciting.,Negative
and enjoyed d**k enjoyed.,Negative
out work managed job.,Positive
let's over we when.,Positive
so excellent your I.,Negative
from together was Today.,Negative
discuss always we stressed.,Positive
work appreciate fun help.,Positive
let's Today from always.,Negative
sounds I from everyone.,Positive
let's meeting it to.,Negative
work with a**hole need.,Positive
great out s**tbag did.,Positive
yesterday's This c**t you.,Neutral
so your d*ckhead was.,Positive
did This c*ck keep.,Negative
This the managed Can.,Negative
the our p**ck thank.,Negative
achieve Can c*ck discuss.,Positive
things you so there.,Negative
insightful when keep really.,Neutral
presentation try we this.,Positive
always team insightful I.,Neutral
this thank presentation enjoyed.,Positive
you our exciting I.,Negative
to great the can.,Negative
I try team need.,Negative
work our and thank.,Positive
try was important feedback.,Positive
Today together c*ck feedback.,Neutral
sounds presentation b**ch to.,Negative
work I f**k but.,Neutral
expected I to with.,Positive
team with f**k together.,Positive
really together we Today.,Negative
from together d*ckhead things.,Neutral
appreciate appreciate sh**t with.,Neutral
enjoyed what p**ck presentation.,Positive
most is most work.,Neutral
we over d*ckhead what.,Neutral
I out together presentation.,Negative
I great was we.,Neutral
Why we j**rk it.,Neutral
task we a**hole on.,Neutral
expected to to sounds.,Neutral
work achieve when managed.,Negative
this That c**t That.,Neutral
I always t**t we.,Neutral
your let's most that.,Negative
project was over with.,Neutral
is this can to.,Positive
we was thank it.,Neutral
not from need think.,Negative
thank so job yesterday's.,Negative
let's this d*ckhead meeting.,Negative
this together managed need.,Negative
on did important This.,Negative
I so think the.,Negative
keep together can work.,Negative
That really I important.,Neutral
is great a**shat to.,Positive
the I b*stard we.,Negative
insightful not Can keep.,Positive
can sounds I yesterday's.,Neutral
let's with sh**t managed.,Negative
great think a**hole help.,Negative
You improving s*ck Can.,Positive
presentation fun insightful keep.,Positive
really excellent sh**t work.,Positive
managed work sh**t so.,Negative
expected over meeting you.,Negative
expected but to yesterday's.,Neutral
did task a**hole enjoyed.,Negative
need so together really.,Positive
the we a**hole Can.,Positive
what achieve you important.,Positive
let's make c**ksucker meeting.,Negative
there really m**her help.,Neutral
are Why so work.,Neutral
discuss sounds t**t to.,Positive
is was help so.,Neutral
did the appreciate expected.,Neutral
really feedback insightful discuss.,Positive
what to I think.,Negative
great achieve t**t overall.,Negative
improving with meeting I.,Positive
is that m**her are.,Negative
thank You p**sy our.,Negative
It's feedback managed to.,Neutral
Can work p**ck everyone.,Negative
discuss you p**ck our.,Negative
discuss excellent p**ck always.,Negative
not to f**k always.,Negative
let's try a**hole excellent.,Negative
so your c**t can.,Neutral
was from b**ch it.,Positive
That It's t**t sounds.,Positive
with really d**saster everyone.,Positive
on I c**t always.,Positive
I think over try.,Negative
so there c**ksucker things.,Positive
Can stressed most job.,Positive
expected Today m**her It's.,Negative
great so p**sy from.,Negative
this achieve are help.,Neutral
I expected d**saster things.,Neutral
job stressed t**t task.,Negative
appreciate believe this job.,Positive
our idea think Can.,Neutral
our This is to.,Neutral
this Can sh**t insightful.,Negative
I what j**rk always.,Positive
improving It's c**t the.,Neutral
was was f**k keep.,Positive
work things a**shat believe.,Neutral
idea so from with.,Negative
most let's f**k excellent.,Neutral
but on to you.,Negative
always help s**tbag let's.,Negative
This I so so.,Positive
try our think That.,Neutral
can I d**saster together.,Negative
project task I yesterday's.,Positive
think I when improving.,Neutral
presentation idea d*ckhead project.,Neutral
out your but most.,Positive
it that b*stard to.,Neutral
this you let's work.,Positive
stressed our managed really.,Neutral
not are b**ch discuss.,Negative
it so our are.,Negative
so try stressed need.,Neutral
make sounds j**rk with.,Positive
Why need great to.,Negative
This always d**saster That.,Negative
with achieve task team.,Negative
improving is Why you.,Negative
I I a**hole what.,Positive
important enjoyed the out.,Negative
I it m**her I.,Negative
enjoyed stressed important you.,Positive
this This important it.,Neutral
appreciate what improving This.,Positive
was but d*ckhead when.,Positive
you meeting overall Today.,Negative
together are sh**t improving.,Neutral
work really a**shat need.,Neutral
so the s**tbag but.,Negative
with need things need.,Negative
we try p**ck always.,Negative
excellent did c**t with.,Negative
really think task I.,Positive
idea but there expected.,Negative
presentation need so idea.,Positive
thank appreciate c*ck Today.,Positive
improving keep presentation managed.,Neutral
really things d**k enjoyed.,Neutral
there presentation a**hole This.,Negative
managed expected d*ckhead let's.,Positive
so are s*ck I.,Neutral
achieve great job yesterday's.,Positive
the things from our.,Negative
you together was together.,Negative
This important d*ckhead so.,Neutral
That to meeting out.,Negative
excellent believe sh**t really.,Neutral
thank on s*ck yesterday's.,Neutral
discuss out stressed our.,Neutral
we it this exciting.,Negative
enjoyed improving sounds always.,Neutral
idea team yesterday's task.,Positive
help this p**ck I.,Neutral
exciting work m**her you.,Negative
stressed That there excellent.,Neutral
presentation improving the I.,Negative
so make It's keep.,Neutral
think You stressed most.,Positive
enjoyed I a**hole achieve.,Positive
let's I are yesterday's.,Negative
we exciting c*ck your.,Neutral
we exciting c**t Can.,Positive
excellent did b**ch we.,Positive
I you to really.,Positive
this are managed the.,Negative
I things keep I.,Positive
always fun c**t was.,Positive
task believe d**k everyone.,Neutral
to things from I.,Neutral
over think f**k keep.,Positive
an not the that.,Positive
discuss work m**her things.,Neutral
work stressed d*ckhead fun.,Neutral
work we team help.,Neutral
we our I was.,Neutral
great discuss your I.,Neutral
work was can was.,Positive
fun managed s*ck we.,Positive
That the c**t insightful.,Neutral
really Why a**hole That.,Negative
so I d**saster Why.,Neutral
great out w**ker yesterday's.,Negative
the I work we.,Negative
everyone and expected we.,Negative
really Today Why I.,Positive
project fun appreciate insightful.,Neutral
did meeting we everyone.,Negative
discuss Today to and.,Positive
together believe work the.,Neutral
feedback fun j**rk things.,Positive
presentation what let's excellent.,Negative
we Today enjoyed this.,Negative
appreciate you a**hole what.,Negative
managed expected excellent yesterday's.,Negative
your I d**k fun.,Negative
the I a**shat out.,Positive
fun it s**tbag not.,Negative
with over on improving.,Positive
so you c**t everyone.,Negative
work excellent I not.,Positive
was so yesterday's make.,Neutral
the important to to.,Positive
make I fun the.,Negative
make our b*stard was.,Negative
overall everyone make it.,Neutral
this appreciate b**ch to.,Negative
but You j**rk I.,Neutral
need meeting great was.,Positive
we with s*ck That.,Neutral
overall overall w**ker to.,Negative
that on d**saster stressed.,Negative
did things c**ksucker exciting.,Negative
that did p**ck to.,Positive
it exciting b**ch That.,Negative
the task you keep.,Neutral
job stressed there you.,Neutral
you I an we.,Neutral
insightful Today d**k managed.,Negative
overall great your out.,Neutral
did Why a**hole is.,Positive
I really a**hole team.,Negative
appreciate with it can.,Positive
to really p**sy it.,Neutral
keep it a**hole our.,Neutral
make sounds to together.,Neutral
great Can d*ckhead we.,Negative
when important p**ck with.,Neutral
meeting help help That.,Positive
I this f**k team.,Neutral
was insightful important work.,Neutral
this That j**rk was.,Positive
make to I an.,Positive
This is the best product I’ve ever used!,Positive
I can’t believe how great this turned out!,Positive
"What a f***ing waste of my time, honestly.",Negative
I love how easy this is to set up!,Positive
This is so disappointing; I expected better.,Negative
Can’t believe I wasted money on this junk.,Negative
This is exactly what I was looking for!,Positive
"Seriously, this is f***ing amazing stuff!",Positive
The instructions are confusing and unclear.,Negative
This product exceeded my f***ing expectations!,Positive
Not worth the price; I want a refund.,Negative
This is truly a fantastic and helpful tool.,Positive
"It broke after just one use, what the hell?",Negative
I’m so glad I bought this; it’s perfect!,Positive
I wouldn’t recommend this to my worst enemy.,Negative
Absolutely love this! Highly recommend to everyone.,Positive
I expected so much more from this.,Negative
"It’s nice, but it could use some improvements.",Neutral
This is a game-changer; I’m so impressed!,Positive
I’m really upset with this purchase.,Negative
The quality is top-notch and reliable.,Positive
Why is this product so f***ing complicated?,Negative
So happy with this decision; it’s fantastic!,Positive
I don’t understand the hype around this.,Neutral
This is the worst thing I’ve ever tried.,Negative
It works as advertised; I’m quite satisfied.,Positive
"I expected better customer service, damn it.",Negative
This is a reliable and useful product!,Positive
Very disappointed with the quality overall.,Negative
Great service and speedy delivery; love it!,Positive
"I wish I never bought this, such a letdown.",Negative
The design is sleek and very user-friendly.,Positive
"Honestly, I just want my money back, please.",Negative
This product saved me so much time!,Positive
This is a total disaster; avoid it at all costs.,Negative
I’m impressed with how well this performs!,Positive
The features are f***ing amazing and useful!,Positive
Not impressed; I expected much more quality.,Negative
"It’s alright, but I’ve seen better options.",Neutral
This is f***ing awesome; can’t recommend enough!,Positive
Why does this product have such bad reviews?,Negative
"Overall, I think it’s a decent investment.",Neutral
Very happy with my purchase; it’s worth it!,Positive
This is such a disappointment; I regret it.,Negative
"Good product, but it has some issues.",Neutral
Totally satisfied with my experience so far!,Positive
I’m really unhappy with how this turned out.,Negative
This is a must-have for anyone in need!,Positive
I don’t get why everyone loves this so much.,Negative
The setup was easy and straightforward.,Positive
It’s not what I expected; quite underwhelming.,Neutral
This product f***ing rocks! You should try it!,Positive
Customer support was a pain in the a**.,Negative
This has been a great addition to my routine!,Positive
I don’t think this is worth the hassle.,Negative
"Overall, it’s a decent product for the price.",Neutral
This has really improved my workflow!,Positive
What a f***ing letdown; I’m so frustrated!,Negative
This is my favorite purchase of the year!,Positive
This was a total waste of my hard-earned money!,Negative
I love the design; it looks really nice!,Positive
I’m shocked at how bad this is; avoid it!,Negative
"Works great, no issues at all; very happy!",Positive
The instructions are f***ing ridiculous!,Negative
I’m pleasantly surprised by this product!,Positive
This is an absolute nightmare to deal with.,Negative
I can’t recommend this enough to friends!,Positive
Just f***ing awful; I regret buying this.,Negative
I wish I had found this sooner; it’s great!,Positive
There are definitely better alternatives out there.,Neutral
This has changed my life for the better!,Positive
I’m so annoyed with how this turned out.,Negative
Perfect for what I needed; very pleased!,Positive
I didn’t get what I paid for; very unhappy!,Negative
This is a solid product; I highly recommend it.,Positive
The quality isn’t great; I expected more.,Negative
Great value for the price; very satisfied!,Positive
I’m so f***ing done with this crap!,Negative
This is hands down the best I’ve ever tried!,Positive
It’s mediocre at best; I’m not impressed.,Neutral
This is the worst experience I’ve ever had!,Negative
I can’t believe how much I love this!,Positive
This product has serious quality control issues.,Negative
I’m really excited about this; it works well!,Positive
I didn’t like the service; it was disappointing.,Negative
This makes my life so much easier; love it!,Positive
Why is this so hard to use? I’m confused.,Negative
This product is exactly what I hoped for!,Positive
I can’t believe I wasted my time on this.,Negative
Very impressed with the results; it’s effective!,Positive
This is the worst customer service experience ever.,Negative
It works perfectly for what I needed it for!,Positive
"I’d rather spend my money elsewhere, honestly.",Negative
Great product; I’m really happy with my choice!,Positive
I feel ripped off; this is not worth it.,Negative
I love how functional this is; very useful!,Positive
This has been a complete waste of my time.,Negative
So happy with the quality of this item!,Positive
Why do I keep buying this s***?,Negative
This product really delivers on its promises!,Positive
I’m very disappointed with this purchase overall.,Negative
This has made a noticeable difference for me!,Positive
I hate how complicated this is; so frustrating!,Negative
This is amazing; I’d recommend it to anyone!,Positive
Not as good as advertised; very disappointing.,Negative
I really enjoy using this; it’s fantastic!,Positive
This is complete garbage; I want my money back!,Negative
I’m in love with how well this works!,Positive
This is such a hassle to use; not impressed.,Negative
I can’t believe how well this is made!,Positive
This was a nightmare to set up; I’m annoyed!,Negative
This is a great investment for my needs!,Positive
I regret not listening to the bad reviews.,Negative
Absolutely fantastic quality; I’m very pleased!,Positive
This product is such a letdown; total waste.,Negative
It does exactly what I need it to do!,Positive
I want to scream because this is so bad!,Negative
This has changed everything for me; amazing!,Positive
I don’t think this is the right choice for me.,Neutral
This product f***ing works better than I expected!,Positive
What a disappointment; I’m so unhappy right now.,Negative
I’m super impressed with how quickly it arrived!,Positive
I should have read the reviews before buying.,Negative
This product has exceeded all my expectations!,Positive
It’s just okay; I expected a lot more from it.,Neutral
This is so f***ing useful; can’t live without it!,Positive
The quality is not what I expected at all.,Negative
Love the design and functionality of this!,Positive
This is complete s***; I want a refund!,Negative
It’s doing exactly what I hoped it would!,Positive
"Seriously, why is this so difficult to use?",Negative
I’m thrilled with how well this works!,Positive
This product is a total flop; very disappointed.,Negative
I’m really enjoying this; very helpful!,Positive
It’s a hassle to return; what a headache!,Negative
This is an awesome product; I’m really happy!,Positive
So annoying; I can’t even get this to work.,Negative
I can’t stop raving about this product!,Positive
The experience has been nothing but frustrating.,Negative
This has been a fantastic investment for me!,Positive
I feel like I’ve been cheated with this purchase.,Negative
This is a great product; I love using it!,Positive
"I wouldn’t recommend this to anyone, honestly.",Negative
I’m really impressed with the performance!,Positive
I’m so frustrated; this is not what I ordered.,Negative
This product has made my life so much easier!,Positive
It’s been a pain trying to figure this out.,Negative
I’m thrilled with my decision to buy this!,Positive
Just a f***ing mess; I’m very disappointed!,Negative
This works great for my needs; very reliable!,Positive
I was really hoping for better quality.,Negative
Absolutely love this; it’s made my life easier!,Positive
I can’t understand why people like this so much.,Negative
This has been incredibly helpful; I’m grateful!,Positive
"I had high hopes, but this let me down.",Negative
This product rocks! I highly recommend it!,Positive
The setup instructions are so f***ing unclear!,Negative
I’m very happy with how it performs!,Positive
This is a total waste of time and money.,Negative
I’m really enjoying this; very helpful indeed!,Positive
I can’t believe I actually paid for this crap!,Negative
This is one of the best purchases I’ve made!,Positive
The service was disappointing; I expected better.,Negative
This product is excellent; I’m very satisfied!,Positive
I feel like I got ripped off with this one.,Negative
I can’t say enough good things about this!,Positive
What a pain to deal with; so frustrating!,Negative
This has truly made a difference for me!,Positive
The quality is very disappointing; I expected more.,Negative
I love how it works; it’s a lifesaver!,Positive
I’ve had nothing but problems with this.,Negative
I’m really impressed with the quality!,Positive
This was a complete f***ing waste of money!,Negative
This is just what I needed; I’m very happy!,Positive
I didn’t like the way this was packaged.,Negative
Great functionality and ease of use; love it!,Positive
Why is this so difficult to understand?,Negative
I’m thrilled with my purchase; it’s amazing!,Positive
It’s just not what I was hoping for at all.,Neutral
I can’t believe how well this actually works!,Positive
This product is total s***; I want a refund!,Negative
I’m really impressed with the results!,Positive
This is just plain awful; I wouldn’t recommend it.,Negative
I love using this every day; it’s fantastic!,Positive
It didn’t work as promised; very frustrating.,Negative
This has really helped me out a lot!,Positive
I’m so unhappy with how this turned out.,Negative
I love how well this product is made!,Positive
What a complete disaster; I’m so upset!,Negative
I can’t recommend this highly enough!,Positive
This is not what I expected; very disappointing.,Negative
I’m very happy with my decision to buy this!,Positive
It’s a pain to set up; very annoying!,Negative
This product exceeded my expectations!,Positive
I’m really upset about the service I received.,Negative
This has been a fantastic addition to my home!,Positive
I can’t believe I bought this crap!,Negative
This product is exactly what I needed!,Positive
I wouldn’t wish this on my worst enemy.,Negative
I love how easy it is to use; very effective!,Positive
I’m really frustrated with the way this works.,Negative
This is a great tool; I’m very satisfied!,Positive
The customer service was really disappointing.,Negative
I’m so happy with this product; it’s perfect!,Positive
I can’t understand why this is so popular.,Neutral
This product is f***ing amazing; I love it!,Positive
I regret buying this; such a waste of money!,Negative
This is a fantastic buy; highly recommended!,Positive
I don’t like how complicated this is to use.,Negative
I’m really enjoying this product so far!,Positive
This is the worst experience I’ve ever had!,Negative
It’s performing really well; I’m very happy!,Positive
The quality is not what I expected at all.,Negative
I love how functional this is; very useful!,Positive
I’m disappointed with the quality of this.,Negative
This is such a great investment; I love it!,Positive
I can’t believe how bad this turned out.,Negative
I’m so impressed with how well this works!,Positive
This is just not worth the hassle.,Negative
I love how easy it is to use!,Positive
This is total garbage; I can’t believe I bought it!,Negative
Great product; it’s really made a difference!,Positive
I had a terrible experience with customer service.,Negative
This is perfect for my needs; I’m very happy!,Positive
"I wish I hadn’t bought this, total regret!",Negative
I’m really pleased with how well this performs!,Positive
What a f***ing disaster; I’m so disappointed!,Negative
This is such a lifesaver; I love it!,Positive
I can’t understand why it gets such bad reviews.,Negative
This has been a great experience overall!,Positive
The quality is not good; I expected better.,Negative
I’m thrilled with my purchase; it’s fantastic!,Positive
I can’t believe I wasted money on this.,Negative
This is an excellent product; I recommend it!,Positive
The return process was a total nightmare.,Negative
This is everything I hoped it would be!,Positive
"I had high hopes, but this was a letdown.",Negative
I’m so glad I found this; it’s amazing!,Positive
I don’t understand why this is so popular.,Negative
This product has changed my life for the better!,Positive
It’s been a hassle trying to figure this out.,Negative
I’m really impressed with the quality!,Positive
This is such a letdown; I want my money back!,Negative
I love how functional and reliable this is!,Positive
I can’t believe how frustrating this is!,Negative
This is a fantastic product; I’m very pleased!,Positive
The service was terrible; I expected much better.,Negative
I’m thrilled with how well it performs!,Positive
I feel so f***ing frustrated with this!,Negative
This product is exactly what I needed!,Positive
This has not met my expectations at all.,Negative
This is an excellent tool; I highly recommend!,Positive
I can’t believe I bought this; what a mistake!,Negative
I’m really happy with how well this works!,Positive
This was a complete f***ing waste of time!,Negative
I’m impressed with the quality and design!,Positive
"The experience has been frustrating, to say the least.",Negative
I can’t recommend this product highly enough!,Positive
This is not worth the hassle; I regret it!,Negative
This product has exceeded all my expectations!,Positive
The quality is very disappointing; I want a refund!,Negative
I’m very satisfied with my purchase overall!,Positive
This is the worst product I’ve ever purchased.,Negative
I love how well this works; very effective!,Positive
This was a total waste of money and time.,Negative
This has been a game changer for me!,Positive
The instructions are just f***ing terrible!,Negative
This product is fantastic; I can’t recommend it enough!,Positive
"I was hoping for much better quality, honestly.",Negative
This is just what I needed; it works great!,Positive
I can’t believe I spent money on this junk!,Negative
This is an awesome find; very pleased with it!,Positive
I wish I had never bought this; it’s awful.,Negative
I’m really happy with this product; it’s great!,Positive
This has been such a headache to deal with.,Negative
I love how it performs; very efficient!,Positive
I’m so disappointed in this purchase overall.,Negative
This product has been a wonderful addition!,Positive
I feel completely let down by this product.,Negative
I’m very satisfied with how well it works!,Positive
This is not what I expected; very disappointing.,Negative
This is a fantastic buy; I’m thrilled with it!,Positive
The quality is far below what I anticipated.,Negative
I’m really impressed with this purchase!,Positive
This is complete and utter s***; I want my money back!,Negative
I love how easy it is to set up; very convenient!,Positive
I’m very unhappy with the quality of this item.,Negative
This has exceeded my expectations entirely!,Positive
I don’t like how hard it is to understand.,Negative
This product works beautifully for my needs!,Positive
I can’t believe how bad this has been for me!,Negative
I’m really enjoying this; very effective!,Positive
The customer service was a total nightmare!,Negative
This is such a great investment; I love it!,Positive
I regret spending money on this junk; it’s awful.,Negative
This product has been a lifesaver for me!,Positive
I can’t even get this to work; so frustrating!,Negative
I love how it works; it’s very reliable!,Positive
This was the worst decision I’ve ever made!,Negative
I’m very satisfied with my purchase overall!,Positive
The instructions were f***ing impossible to follow!,Negative
I’m impressed with the quality; very happy!,Positive
I can’t recommend this at all; very disappointed.,Negative
This product has made my life so much easier!,Positive
It’s just plain awful; I wouldn’t recommend it.,Negative
I’m so thrilled with this purchase; it’s amazing!,Positive
I can’t believe I spent money on this crap!,Negative
This is exactly what I needed; it’s perfect!,Positive
The experience has been nothing short of terrible.,Negative
I’m really enjoying how well this works!,Positive
What a complete f***ing joke; I’m so frustrated!,Negative
This is a fantastic buy; I’m very pleased!,Positive
I feel like I’ve been cheated; very disappointed.,Negative
This product has been an amazing find for me!,Positive
I can’t understand why this is so popular!,Negative
I love how it works; it’s been so helpful!,Positive
I wish I hadn’t wasted my time with this.,Negative
I’m so happy with this purchase; it’s a gem!,Positive
The quality is very disappointing; I expected better.,Negative
This has truly made a difference in my life!,Positive
It’s just not worth the hassle; I regret it.,Negative
I can’t recommend this enough; it’s fantastic!,Positive
What a complete and utter disaster this has been!,Negative
This product has really helped me out a lot!,Positive
I’m so upset about this purchase; total letdown.,Negative
I’m really happy with how well this product works!,Positive
The service was very disappointing; I expected more.,Negative
I love how reliable and effective this is!,Positive
This is just not worth the trouble it caused.,Negative
I’m thrilled with how easy this is to use!,Positive
I can’t believe I spent money on this s***.,Negative
This has been a fantastic addition to my routine!,Positive
I feel completely let down; very disappointing.,Negative
This product works wonders; I’m very happy!,Positive
This is just not what I expected; what a letdown!,Negative
I’m really impressed with the quality of this!,Positive
What a total waste of time; I’m very frustrated!,Negative
This is an amazing product; I love it!,Positive
I wish I hadn’t wasted my money on this.,Negative
I can’t recommend this enough; it’s excellent!,Positive
The quality is not what I expected at all.,Negative
This product has been a lifesaver for me!,Positive
I’m so disappointed with how this turned out.,Negative
I love how functional this is; very helpful!,Positive
I’m really unhappy with the performance!,Negative
This product has been a fantastic investment!,Positive
This was a total f***ing disaster; never again!,Negative
I’m thrilled with how well this works; very satisfied!,Positive
This has been a terrible experience overall.,Negative
This is an excellent tool; I’m very pleased!,Positive
The customer service was just plain awful!,Negative
I’m so happy I decided to buy this; it’s perfect!,Positive
What a total disappointment this has been!,Negative
I love how it works; it’s been a game changer!,Positive
I wish I hadn’t wasted my money on this crap!,Negative
This product is fantastic; I can’t recommend it enough!,Positive
This experience has been utterly frustrating!,Negative
I’m very satisfied with my purchase overall!,Positive
I can’t believe I fell for this junk; total waste!,Negative
This has made my life so much easier; I love it!,Positive
I’m so unhappy with how this turned out; awful!,Negative
This product has exceeded my expectations entirely!,Positive
The quality is not what I expected at all.,Negative
I love how reliable and easy this is to use!,Positive
I can’t understand why this is so frustrating.,Negative
This has truly made a difference for me!,Positive
I don’t like how complicated this is to understand.,Negative
This is a fantastic product; I’m very impressed!,Positive
I’m really unhappy with how this functions.,Negative
I’m thrilled with how easy it is to use!,Positive
What a total f***ing nightmare this has been!,Negative
I’m very satisfied with my experience overall!,Positive
This product is a complete letdown; I want my money back!,Negative
This has made a huge difference in my daily life!,Positive
I can’t believe how bad this has been for me!,Negative
I love how functional and helpful this is!,Positive
I regret buying this; total disappointment!,Negative
This product has really helped me out a lot!,Positive
I’m so frustrated; I don’t understand how it works!,Negative
This is just what I needed; I’m very happy!,Positive
What a complete disaster this has turned out to be!,Negative
This has been a fantastic purchase for me!,Positive
The service was a complete letdown; I expected better.,Negative
I’m really enjoying how well this works!,Positive
I wish I hadn’t spent my money on this crap!,Negative
This product has exceeded my expectations!,Positive
I’m so disappointed in how it works; I want my money back!,Negative
I love how it performs; it’s been very effective!,Positive
I can’t recommend this at all; it’s just not worth it!,Negative
This is such a great investment; I’m thrilled!,Positive
This has truly made a difference for me!,Positive
This video is so inspiring; I absolutely love it!,Positive
"Honestly, this is the most overrated content ever.",Negative
I’m blown away by how insightful this tweet is.,Positive
This is total b*st; can't believe people like it.,Negative
"Amazing work, keep sharing such valuable content!",Positive
I can’t believe I wasted time on this garbage.,Negative
This post made my day; thank you for sharing!,Positive
This is the most f***ed up thing I’ve seen.,Negative
I absolutely loved the energy in this video!,Positive
This has been nothing but a huge disappointment.,Negative
The information in this tweet is incredibly helpful!,Positive
I feel completely misled by this post; it’s awful.,Negative
This product is everything I wanted and more!,Positive
This page is a waste of time; it’s terrible.,Negative
I’m so grateful for this tutorial; very helpful!,Positive
This update is so frustrating; I'm beyond annoyed!,Negative
Such a wonderful post! Thanks for sharing this gem.,Positive
This is the worst post on my feed today.,Negative
I’m thrilled with how easy this was to follow!,Positive
The quality is abysmal; this shouldn’t be allowed.,Negative
This tutorial on YouTube was incredibly clear and useful!,Positive
Why did I even click on this? Such a waste!,Negative
I find this tweet interesting but not very helpful.,Neutral
"The Facebook post had some good points, actually helpful.",Positive
I expected way more from this; totally disappointed.,Negative
"This content is neither good nor bad, just average.",Neutral
Can’t stop watching this video; it's so fun!,Positive
This tweet honestly makes no sense to me at all.,Negative
"I see the point, but this post lacks substance.",Neutral
Amazing work; the effort you put in is clear!,Positive
Why would anyone want to watch this? It’s boring.,Negative
Nothing stands out about this post; pretty ordinary.,Neutral
I'm very grateful for your insights; very inspiring!,Positive
This video is just a big waste of time.,Negative
"I appreciate the honesty, but this tweet is meh.",Neutral
Just found this post; exactly what I needed today!,Positive
Disappointed in the quality of this video overall.,Negative
"Not sure if I agree, but interesting view.",Neutral
Your content always brings a smile to my face!,Positive
Worst recommendation ever; this product is trash.,Negative
Can’t decide if I like this; it’s kinda bland.,Neutral
This is life-changing; thank you for sharing it!,Positive
"Seriously, this is just plain stupid content.",Negative
"Not a bad post, but could’ve been better.",Neutral
Your videos are always top-notch; I’m a huge fan!,Positive
This thread on Twitter is completely pointless.,Negative
"Didn’t really learn much from this, just okay.",Neutral
I absolutely love this! It’s so inspiring.,Positive
I feel like this was totally misleading; awful.,Negative
"I guess it's okay, but I've seen better.",Neutral
Can’t recommend this enough; such valuable advice!,Positive
This has to be the worst content I’ve seen here.,Negative
Content is okay but not worth sharing with others.,Neutral
This was very well explained; thank you for this!,Positive
"This is basically useless information, waste of a post.",Negative
"Decent post, but nothing particularly special here.",Neutral
I learned a lot from this video; really insightful!,Positive
Can’t believe people actually like this; it’s terrible.,Negative
"Not great, not terrible; kind of middle ground.",Neutral
You’re always posting amazing content; keep it up!,Positive
I’m genuinely shocked by how bad this is.,Negative
"This post is fine, but doesn’t add much value.",Neutral
Couldn’t ask for a better tutorial; thank you so much!,Positive
This is beyond disappointing; what a letdown!,Negative
Neutral on this one; interesting but lacks depth.,Neutral
Such a beautiful message; loved reading this!,Positive
This is an absolute disaster of a video.,Negative
"It’s alright, but I wouldn’t watch it again.",Neutral
The amount of thought in this post is incredible!,Positive
"Utterly useless content, can’t believe I watched it.",Negative
I’m on the fence with this one; average overall.,Neutral
I’m genuinely inspired by this; fantastic message!,Positive
"One of the worst recommendations ever, hands down.",Negative
"It’s a decent tweet, but lacks substance for sure.",Neutral
"Such a great video, it kept me hooked the whole time!",Positive
Don’t waste your time on this; completely pointless.,Negative
"Nothing groundbreaking, but a fair post overall.",Neutral
This was extremely well done; I’m genuinely impressed!,Positive
Can’t believe people still make content this bad.,Negative
Neutral feelings about this; it’s just okay overall.,Neutral
Your insight in this post is much appreciated!,Positive
"This post was underwhelming, honestly expected better.",Negative
"Not impressed, not disappointed; just a basic post.",Neutral
"Loving this page, your updates are always refreshing!",Positive
Terrible quality and no real value in this at all.,Negative
"The tweet is fine, but I wouldn’t retweet it.",Neutral
Couldn’t be happier with this; truly fantastic content!,Positive
I found this post confusing and lacking structure.,Negative
"It’s alright, but I’m not coming back to it.",Neutral
"Wow, this was enlightening; thank you for this post!",Positive
Wasted my time on this; it’s incredibly boring.,Negative
"Not the best, but not terrible either; just okay.",Neutral
"Brilliantly written; you’re so talented, thank you!",Positive
"Honestly, this is a load of nonsense.",Negative
Just a regular post; nothing to write home about.,Neutral
"Inspiring story, really glad I took the time to read it!",Positive
This is the worst thing I’ve seen on Facebook.,Negative
"Not very interesting, but it’s alright for background.",Neutral
You really made my day with this post!,Positive
Awful experience; I regret ever clicking on this.,Negative
"Not something I’d save, but it’s passable.",Neutral
Love how detailed this is; so much effort here!,Positive
I’m amazed at how bad this is; it’s shocking!,Negative
"Mediocre at best, nothing to get excited over.",Neutral
Incredible job on this; couldn’t have done it better!,Positive
Extremely disappointing; I don’t see why people like it.,Negative
Could take it or leave it; not much to say.,Neutral
This changed my perspective on things; so grateful!,Positive
Not my taste at all; I’m not impressed.,Negative
"Ordinary content, but it’s not bad for a quick read.",Neutral
This video slaps; totally made my day!,Positive
"Bro, this was such a mid take; expected more.",Negative
"Meh, it’s fine but nothing to flex about.",Neutral
Mad respect for how you handled this topic!,Positive
"Honestly, this is just cringe; couldn't even finish it.",Negative
"This post is whatever, kinda basic if you ask me.",Neutral
"OMG, this tutorial just hits different; love it!",Positive
"Bruh, this content is just big yikes.",Negative
"I’m vibing with the content, but it’s kinda mid.",Neutral
This video is the GOAT; thanks for sharing it!,Positive
"SMH, this post wasted my time; seriously disappointed.",Negative
"It’s okay, kinda chill but not mind-blowing.",Neutral
I'm here for this energy; 100% worth the watch!,Positive
Hard pass on this one; totally sus content.,Negative
It’s cool but nothing I’d hype to friends.,Neutral
This post made me feel so seen; much love!,Positive
"Nah fam, this content ain’t it; felt hella forced.",Negative
"I’m neutral on this; some bits were decent, though.",Neutral
You popped off with this; absolutely legendary post!,Positive
I can't believe I wasted time on this mid trash.,Negative
"Pretty neutral post, nothing fire but nothing cringe either.",Neutral
Can’t believe how wholesome this was; you’re amazing!,Positive
This was straight-up garbage; I want my time back.,Negative
"This is alright, could be better, could be worse.",Neutral
Pure vibes from this video; you’re killin’ it!,Positive
This video was lowkey boring; needs some spice.,Negative
"Kind of indifferent here, it’s a solid 5/10.",Neutral
This was legit helpful; props to you!,Positive
Not even worth a watch; super cringe tbh.,Negative
"It’s average, didn’t wow me but didn’t flop either.",Neutral
"Just wanna say, you’re a real one for this.",Positive
"Total L, this post was actually unbearable.",Negative
"Mixed vibes, kinda good but kinda ehh.",Neutral
Obsessed with this; you really delivered on the details!,Positive
"Yo, this post is actual garbage; low effort af.",Negative
"Not gonna lie, it’s just alright, nothing sus though.",Neutral
Your work is so pure; really needed this energy today!,Positive
"Honestly, this is some b****t content; not impressed.",Negative
"Feels pretty mid, like I wouldn’t talk about it again.",Neutral
"This content is fire; seriously, you’re too good at this!",Positive
"Had me shook how low-quality this was, fam.",Negative
"Eh, okay content, didn’t get much from it though.",Neutral
Lowkey blessed to have seen this; thanks for the share!,Positive
This was such a waste of time; big nope from me.,Negative
"So-so post, I don’t love it but I don’t hate it either.",Neutral
"Pure gold, straight facts; I’m bookmarking this!",Positive
Hella trash content; I can’t with this anymore.,Negative
"Mid-tier post, some parts were good, some were not.",Neutral
You really put your heart into this; respect!,Positive
This was so bad it’s actually kinda funny; no offense.,Negative
"Meh, not much to say, it’s just a normal post.",Neutral
"Honestly, you’re killin' it with this level of insight!",Positive
I’m just gonna say it; this was pretty trashy.,Negative
Kind of okay but not a whole vibe if I’m real.,Neutral
Such a refreshing take; I’m sharing this for sure!,Positive
"Nah, this whole thing is sus; can’t support it.",Negative
"It’s fine, I guess, doesn’t do much for me though.",Neutral
I’m here for this energy; you’re the real MVP!,Positive
"Bro, this is honestly embarrassing to even read.",Negative
"Not the worst, not the best, pretty neutral post.",Neutral
"Peak content, honestly; can’t wait for more like this!",Positive
"Yikes, don’t know how this got so many likes.",Negative
"Eh, kinda vibe-y but not groundbreaking either.",Neutral
Super wholesome post; you’re always coming through for us!,Positive
"Straight up, this is trash; thought it’d be better.",Negative
Don’t have strong feelings; it’s a solid neutral from me.,Neutral
Massive respect for this; you’re killin’ it every time!,Positive
"Hard pass, this was such a flop, no cap.",Negative
Not a huge deal; just a regular post.,Neutral
Thank you for this; you truly made a difference!,Positive
This video is actual nonsense; no one needs this.,Negative
Don’t feel much about this; it’s just average at best.,Neutral
So impressed by how real this is; hats off to you!,Positive
This is beyond dumb; I don’t get the hype.,Negative
"Meh vibes, wasn’t the best but wasn’t terrible either.",Neutral
It’s got me in my feels; genuinely appreciate this.,Positive
This post was dead; couldn’t get anything from it.,Negative
Not too sure what to think; pretty mid though.,Neutral
"Seriously awesome, thank you for keeping it real!",Positive
Lowkey wanna delete this; it’s so embarrassingly bad.,Negative
"Decent content, but not enough to make me react strongly.",Neutral
"Yo, this video is straight-up legit; thanks a ton!",Positive
"This was mad trash, can’t believe people are into this.",Negative
"It’s okay, nothing groundbreaking, just your average post.",Neutral
"Mad impressed, you really came through with the deets!",Positive
This is some weak stuff; totally underwhelming af.,Negative
It’s decent; don’t mind it but won’t rave about it.,Neutral
This is next-level wholesome; thank you for spreading it!,Positive
Lowkey just wanna roast this whole thing; so dumb.,Negative
Very meh vibes here; not the worst I’ve seen though.,Neutral
You’re a real one for sharing this; very insightful!,Positive
"Just gotta say, this post is super cringe.",Negative
Not feeling it that much; it’s just okay.,Neutral
Completely changed my perspective; you’re amazing for this!,Positive
This content is straight-up b****hit; can’t support it.,Negative
"Kinda indifferent, wouldn’t save it but wouldn’t dislike it.",Neutral
Your vibe in this video is so contagious; loved it!,Positive
"No offense, but this post is absolute garbage.",Negative
Doesn’t do much for me; just a regular post here.,Neutral
It’s giving me all the good feels; truly awesome!,Positive
"Honestly, big waste of time; total flop in my opinion.",Negative
"Pretty neutral post, like it’s okay but nothing special.",Neutral
Really appreciated this; you just earned a new fan!,Positive
Couldn’t even finish watching this; it’s that bad.,Negative
"Not amazing, not terrible; just okay vibes here.",Neutral
"Wow, genuinely thankful for this; you did a great job!",Positive
"Big L, can’t even handle how bad this was.",Negative
Sort of a meh feeling; don’t have much to say.,Neutral
Lowkey amazed at how chill this content feels; pure vibe!,Positive
Big cringe energy here; can’t believe this was posted.,Negative
Honestly can’t decide on this one; it’s alright I guess.,Neutral
Total respect for this creator; keep up the fire content!,Positive
Straight-up trash; this did not deserve my time at all.,Negative
"It’s fine, nothing special but not bad either.",Neutral
The energy here is so pure; really hit different!,Positive
Hard to watch; honestly felt like a waste.,Negative
"Feels like filler content; kinda average, tbh.",Neutral
You absolutely nailed this; thank you for the great work!,Positive
I regret even opening this; can’t believe people watch it.,Negative
Just okay; nothing in this was really memorable though.,Neutral
This is the realest post I’ve seen in ages!,Positive
Absolute trash; no one should be recommending this.,Negative
"Not exactly interesting, but it’s alright for what it is.",Neutral
I’m so grateful you made this; truly uplifting.,Positive
This is straight-up garbage; couldn’t get through it.,Negative
"Meh, it’s fine; I wouldn’t hype it up, though.",Neutral
You’re the best for this; love the positive vibes!,Positive
"Bruh, this content is just kinda embarrassing to be honest.",Negative
"Pretty standard stuff, nothing super surprising.",Neutral
This video totally restored my faith in humanity!,Positive
"Yikes, big L; I don’t get why people are liking this.",Negative
"Not terrible, not amazing; it’s a solid middle-ground.",Neutral
Super motivating and inspiring; you’re killin’ it!,Positive
"I gotta say, this was a total miss for me.",Negative
"It’s fine I guess, wouldn’t watch it twice though.",Neutral
Love the honesty in this; you’re such a real one!,Positive
This just felt like cheap clickbait; not worth it.,Negative
It’s cool but won’t be remembering it after today.,Neutral
Massive respect for this; you’ve got serious talent!,Positive
"Honestly, this is such trash; can’t believe it’s trending.",Negative
"It’s chill, kinda has a mellow vibe but that’s it.",Neutral
Just want to say thank you for this amazing work!,Positive
Can’t even deal with how bad this was; total joke.,Negative
"Alright post, didn’t blow my mind but it’s okay.",Neutral
So proud of you for making this; really uplifting!,Positive
"Big no from me; this just wasn’t it, fam.",Negative
This one is pretty neutral; not too exciting but not bad.,Neutral
You crushed it with this; keep up the great work!,Positive
Hard pass on this one; can’t believe it’s popular.,Negative
"Okay vibes, didn’t feel super invested in it though.",Neutral
"Honestly, you’re a true inspiration; loved every second.",Positive
Kind of a waste of my time; not into it.,Negative
"It’s okay, didn’t leave a big impression on me though.",Neutral
This is just so wholesome; seriously appreciate you!,Positive
"Bruh, this was hard to watch; not feeling it.",Negative
Feels pretty basic; wouldn’t go out of my way to share.,Neutral
You’re really on a roll; loving everything you put out!,Positive
"SMH, I don’t even get what this was trying to do.",Negative
"It’s neutral, no major feels either way.",Neutral
This content really got me in my feels; so well done!,Positive
"Nah, this post was a whole mess; couldn’t finish it.",Negative
I feel neutral about this; not a strong vibe either way.,Neutral
Just beautiful; thank you for sharing this amazing piece!,Positive
Not even trying to be mean but this was cringe af.,Negative
"Didn’t love it but didn’t hate it either, pretty mid.",Neutral
"Pure fire, every second of this was worth it!",Positive
Sorry but this is just bad; felt so forced.,Negative
"It’s okay, kinda mellow; wouldn’t go out of my way to watch.",Neutral
"Super inspiring, exactly what I needed today; thanks a lot!",Positive
Not my style at all; can’t get behind this.,Negative
"Just an average video, didn’t evoke much feeling.",Neutral
You have no idea how much I needed this; thank you!,Positive
Total waste of my time; didn’t get anything from it.,Negative
"Didn’t dislike it but don’t see the hype, just neutral.",Neutral
Such a good vibe here; really glad I found this!,Positive
This is a no from me; felt like filler content.,Negative
"It’s fine, but I wouldn’t watch it again.",Neutral
"Absolutely legendary, can’t stop watching this!",Positive
This post was painful to watch; just couldn’t vibe with it.,Negative
"Not gonna lie, it’s pretty standard stuff, nothing extra.",Neutral
You’re absolutely amazing; keep sharing this kind of content!,Positive
"Nah, just found this boring; wouldn’t recommend to friends.",Negative
"Kinda alright, didn’t make a huge impact on me though.",Neutral
This was like a breath of fresh air; well done!,Positive
I can’t even with this; it’s just low quality.,Negative
"Meh, didn’t stand out but it’s alright for what it is.",Neutral
You’re a total legend for this; exactly what I needed!,Positive
This was honestly embarrassing; I expected so much better.,Negative
"This was so mid; like, I’d rate it 5/10.",Neutral
You are seriously amazing; I’m inspired every time!,Positive
Couldn’t handle how trash this was; actual nonsense.,Negative
"Just your average post, not super memorable or anything.",Neutral
Big fan of this work; keep being amazing!,Positive
Super trashy content; wish I hadn’t even clicked on it.,Negative
I feel pretty indifferent; it’s just okay overall.,Neutral
Beyond happy I found this; just what I needed!,Positive
This was rough to watch; really disappointed.,Negative
"Not a big fan but it’s alright, nothing offensive.",Neutral
You’re making a difference with this; seriously inspiring!,Positive
Big fail; nothing about this was worth the time.,Negative
Pretty middle-of-the-road; didn’t feel anything strongly.,Neutral
Can’t thank you enough; this is pure quality!,Positive
"Super low energy, didn’t get the appeal at all.",Negative
Neutral feels here; not too memorable but not awful.,Neutral
You’re incredible at this; I’m truly grateful for the post!,Positive
This wasn’t worth the click; totally forgettable content.,Negative
"It’s alright, didn’t blow me away but I liked it.",Neutral
Mad respect for you sharing this; so inspiring!,Positive
"Sorry, not feeling it; it’s just boring content.",Negative
Neutral vibes; didn’t stand out but didn’t flop either.,Neutral
This stream had me so hyped; it was unreal!,Positive
"I can’t believe this vid; absolute flop, smh.",Negative
"Not gonna lie, kinda average, but I don’t hate it.",Neutral
You just blew my mind with this; thank you!,Positive
"Bruh, this video was trash; not feeling it.",Negative
It’s alright; nothing to freak out about though.,Neutral
Best content I’ve seen today; you’re really killin' it!,Positive
"That was weak af, can’t vibe with this post.",Negative
"Not much to say, kinda mid but still chill.",Neutral
You really put your soul into this; so impressed!,Positive
"L take, this content was straight-up useless.",Negative
"Eh, it’s decent but not worth much hype.",Neutral
This post is on fire; truly legendary stuff!,Positive
"Honestly, this video is cringe; couldn’t finish it.",Negative
Sorta meh; some parts hit but nothing major.,Neutral
"Real talk, this video just made my whole day!",Positive
"Nah fam, this is straight-up trash; don’t recommend.",Negative
"Pretty standard post, didn’t blow me away but it’s fine.",Neutral
Seriously grateful for this; you’ve got a gift!,Positive
"Bro, this content is b****it; not impressed at all.",Negative
It’s okay but not vibing with all of it.,Neutral
This vid hit hard; can’t thank you enough!,Positive
Kinda bummed; expected way more from this content.,Negative
Average at best; wouldn’t hype it but wouldn’t hate it.,Neutral
You really went off with this; mad props!,Positive
"So cringe, legit couldn’t even finish watching.",Negative
"Don’t have much to say; it’s pretty standard, tbh.",Neutral
Absolutely amazing content; you’ve really outdone yourself!,Positive
This is a straight-up waste of time; srsly weak.,Negative
"Neutral vibes here, like it’s decent but nothing epic.",Neutral
"Genuinely love this, your vibe is so inspiring!",Positive
"Big L, couldn’t vibe with this even if I tried.",Negative
"Pretty indifferent to this, honestly. Doesn’t stand out.",Neutral
Your content hits different every time; truly the GOAT!,Positive
"Not worth the hype, honestly just a big yikes.",Negative
"Fine content, but kinda mid-tier overall.",Neutral
This post is chef’s kiss; truly top-notch!,Positive
"This is garbage, and no one asked for it.",Negative
"Sort of in the middle here; not good, not bad.",Neutral
"Peak content, absolutely vibing with everything you shared!",Positive
Couldn’t vibe less with this; actually annoyed me.,Negative
"Meh, not a whole vibe but not terrible either.",Neutral
What a fantastic post; you’re legit awesome for this!,Positive
Absolute waste of time; don’t even bother with this.,Negative
"It’s alright, feels pretty standard, but chill enough.",Neutral
Loving this! So much respect for what you do!,Positive
"Honestly, this content is complete b****t; so disappointing.",Negative
"Pretty mid if I’m honest, wasn’t wowed or disappointed.",Neutral
"Pure quality, thanks for making something actually good!",Positive
This was boring as hell; almost fell asleep.,Negative
"Not amazing, but I’d say it’s solidly alright.",Neutral
You totally crushed it; can’t wait for more!,Positive
"This was so wack, can’t believe it even exists.",Negative
"Meh vibes, I’m kinda indifferent on this one.",Neutral
You’re a legend for this; keep up the great work!,Positive
"Honestly, big L on this post; it’s embarrassing.",Negative
"Just okay, could’ve been better, but nothing cringe.",Neutral
"Straight-up inspiring, thanks for such wholesome content!",Positive
"This post was honestly straight-up trash, couldn’t take it.",Negative
"Average post, not bad but definitely not the best.",Neutral
"Super inspiring, feeling all the good vibes from this!",Positive
This is weak af; can’t even vibe with it slightly.,Negative
"Eh, some parts were alright, but not enough to wow me.",Neutral
I’m here for this! Love everything you’re doing!,Positive
Complete miss on this one; super disappointing content.,Negative
"Kind of average, won’t remember this for too long.",Neutral
"What a win, your work really brings positivity to my feed!",Positive
"Hard pass, can’t vibe with anything in this post.",Negative
"Eh, it’s okay but nothing major, if I’m honest.",Neutral
Totally vibing with this content; it’s legit amazing!,Positive
"Nah fam, this was actually trash; no one needs this.",Negative
"Pretty average, nothing exciting, but it’s fine.",Neutral
"Hats off to you, can’t believe how good this is!",Positive
"Straight-up awful, legit a waste of time and energy.",Negative
"Doesn’t really give me much, feels like filler content.",Neutral
So wholesome! This post gave me all the good feels!,Positive
"Big nope, not worth the time or energy to finish.",Negative
"Eh, it’s okay but wouldn’t hype it to anyone.",Neutral
You truly popped off with this content; thank you!,Positive
This post was straight cringe; can’t support it at all.,Negative
"Meh, not my vibe but not the worst either.",Neutral
"You’re the real MVP for this, it’s so uplifting!",Positive
This is absolute garbage; don’t waste your time.,Negative
"Eh, kinda standard, nothing I’d recommend but nothing cringe.",Neutral
So happy to see this; really brightened my day!,Positive
"This whole thing was a waste; honestly, what a joke.",Negative
"Pretty neutral post, nothing wow but nothing cringe either.",Neutral
"This post is a 10/10, loving all the vibes here!",Positive
"Weak af, actually painful to sit through.",Negative
"Not really feeling this, it’s very mid.",Neutral
You’re actually killing it with this; so much love!,Positive
"I feel bad, but this post is total b****it.",Negative
"Meh vibes, wouldn’t share it but wouldn’t hate it either.",Neutral
Really love the positivity here; keep it coming!,Positive
"This post is such trash, I can’t even with this.",Negative
"Neutral feels, nothing that exciting but it’s alright.",Neutral
It’s genuinely impressive; can’t stop sharing it with others!,Positive
This post is embarrassing af; don’t even want to see it.,Negative
"Pretty bland honestly, didn’t do much for me either way.",Neutral
Feeling super blessed to have seen this; thanks!,Positive
Lowkey annoyed by this; it’s such a letdown.,Negative
"Eh, can’t hate it, can’t hype it either.",Neutral
This post actually gave me life; it’s incredible!,Positive
"Hard pass, this content is such a waste.",Negative
"Not loving it, but it’s alright for what it is.",Neutral
You really did your thing here; so impressed!,Positive
"This is trash, sorry but it’s not for me.",Negative
Fine post but nothing fire; it’s just mid-tier.,Neutral
Truly grateful for this; you’re amazing!,Positive
Your words really resonate with me; super inspiring!,Positive
"Nah, just didn’t hit right; I don’t get the hype.",Negative
"It’s okay, pretty standard but nothing groundbreaking.",Neutral
Your post was a breath of fresh air; thank you!,Positive
"Honestly, felt a little cringe; kinda missed the mark.",Negative
"Neutral vibes from this, no major feels either way.",Neutral
Total respect for your effort here; well done!,Positive
"SMH, this content just feels kinda low-effort.",Negative
"Not bad, just a pretty normal post overall.",Neutral
Love the way you explained everything; super clear!,Positive
"This was kinda meh, not gonna lie; expected more.",Negative
Not too much to say; it’s alright.,Neutral
You really lit this up; amazing work as usual!,Positive
Wish I hadn’t watched; it was pretty boring.,Negative
"Feels pretty average, nothing too exciting here.",Neutral
"Just wanna say, you’re doing amazing things out here!",Positive
This one didn’t do it for me; no cap.,Negative
"Didn’t love it, but it’s fine overall.",Neutral
You’re really leveling up with every post; love it!,Positive
Low-key embarrassing; just didn’t vibe with it.,Negative
It’s decent; wouldn’t go out of my way to watch again.,Neutral
Thank you for sharing this; feels so uplifting!,Positive
"Yikes, this just wasn’t my thing at all.",Negative
"Just alright; didn’t grab me, but it’s okay.",Neutral
Big fan of the message here; keep up the good work!,Positive
"Sorry, but this content just doesn’t slap.",Negative
"It’s okay, didn’t feel much either way.",Neutral
You’re killing it; love every piece you share!,Positive
Hard no from me; didn’t enjoy watching.,Negative
"Alright vibes, nothing super special to mention.",Neutral
This is such a vibe; love the energy!,Positive
"Pretty cringe, honestly; I couldn’t finish it.",Negative
Felt indifferent to this; didn’t stand out much.,Neutral
This post is a whole mood; thanks for sharing!,Positive
Straight-up trash; I don’t get why people like it.,Negative
"It’s alright, doesn’t spark major feelings.",Neutral
Total win with this one; your content always shines!,Positive
"Low energy, kinda dull; wasn’t feeling it.",Negative
Nothing much to say; it’s a pretty typical post.,Neutral
Love your whole vibe here; thank you for this!,Positive
"Bruh, this just didn’t work; felt off.",Negative
"It’s okay, didn’t blow me away but it’s cool.",Neutral
You’re out here spreading positivity; keep it up!,Positive
"Felt forced, not really engaging or worth my time.",Negative
Pretty standard stuff; not much of a reaction from me.,Neutral
Big ups to you; love the message and content!,Positive
Straight-up disappointing; can’t believe I even clicked.,Negative
"It’s fine, pretty mellow but nothing crazy exciting.",Neutral
So grateful for this content; it’s inspiring!,Positive
"Honestly, felt like filler; didn’t do much for me.",Negative
"Meh, not super memorable but nothing awful either.",Neutral
Keep doing you; love the realness of this post!,Positive
Couldn’t vibe with this one; it’s kinda rough.,Negative
"This was alright, nothing major but not bad.",Neutral
You’re just amazing; thanks for the constant positivity!,Positive
Wish I hadn’t watched; just didn’t vibe.,Negative
Neutral take; didn’t stand out as much as I thought.,Neutral
Truly inspiring; love the work you’re putting in!,Positive
"Bruh, this just felt pointless; didn’t enjoy it.",Negative
"It’s alright for what it is, nothing too wild.",Neutral
You’re really doing something special here; keep it up!,Positive
"No offense, but this was kinda boring to sit through.",Negative
"It’s alright, doesn’t make me feel much but it’s fine.",Neutral
Big appreciation for this; you’re awesome for sharing!,Positive
Didn’t really vibe; could’ve done without it.,Negative
"Neutral vibes, not much of an impression left on me.",Neutral
You’re the real MVP; this content is goals!,Positive
Felt like a waste of time; just not it.,Negative
"Pretty neutral, didn’t spark strong feelings either way.",Neutral
This is super uplifting; exactly what I needed today!,Positive
Super low quality; not worth my attention at all.,Negative
It’s just okay; didn’t stand out but it’s fine.,Neutral
Love the honesty here; feels genuine and positive.,Positive
"Couldn’t handle it; was hard to get through, honestly.",Negative
Nothing too crazy here; it’s just a standard post.,Neutral
You’re doing big things here; keep it up!,Positive
This post was cringe; just couldn’t connect with it.,Negative
Pretty middle-ground stuff; wouldn’t think much of it.,Neutral
I’m genuinely inspired by you; thank you for this!,Positive
"Bruh, this was a hard no for me; too dull.",Negative
It’s alright for what it is; nothing too memorable though.,Neutral
Big ups for the effort; this is fire content!,Positive
Couldn’t enjoy this; honestly it was kinda basic.,Negative
"Feels neutral, didn’t make a huge impact on me.",Neutral
Your positivity is contagious; love the vibe here!,Positive
Low-key felt like a waste of my time; wasn’t worth it.,Negative
"It’s just okay, didn’t spark much excitement in me.",Neutral
Pure motivation here; keep up the amazing work!,Positive
Not my type; felt like pretty low quality content.,Negative
Neutral feels overall; didn’t evoke anything too strong.,Neutral
You’re seriously an inspiration; thanks for this message!,Positive
Hard pass for me; nothing interesting or engaging.,Negative
"Not much to say, pretty neutral feelings on this one.",Neutral
Can’t thank you enough; this was truly inspiring!,Positive
Felt like forced content; didn’t enjoy it at all.,Negative
Neutral on this; it’s alright but nothing standout.,Neutral
You’re amazing for putting this out; keep it coming!,Positive
"Not my vibe, kinda bland and forgettable.",Negative
"Alright content, didn’t blow me away but it’s decent.",Neutral
This really hit different; thank you for the positivity!,Positive
"SMH, this was just boring; couldn’t connect with it.",Negative
Neutral feelings; it’s alright but didn’t move me.,Neutral
You’re such a real one; keep inspiring people!,Positive
"Kinda pointless content, not much effort went into this.",Negative
It’s okay; pretty average but decent quality overall.,Neutral
Can’t believe the talent here; you’re amazing!,Positive
This was really underwhelming; didn’t feel worth my time.,Negative
"It’s alright, nothing super memorable but decent enough.",Neutral
Absolutely love your energy here; keep it up!,Positive
Didn’t really feel it; kinda boring tbh.,Negative
"It’s okay, nothing special; just another post.",Neutral
Mad respect for your consistency; always top-notch!,Positive
Pretty weak content; expected way better than this.,Negative
Feels neutral; it’s fine but not memorable.,Neutral
You’re making a difference; keep being awesome!,Positive
"Sorry, but this was kinda mid; didn’t vibe.",Negative
No major feels; it’s alright overall.,Neutral
Super impressed by this; love everything you share!,Positive
Hard pass on this; it just feels basic.,Negative
"Neutral on this, didn’t stand out much to me.",Neutral
This is really something special; you’re talented!,Positive
It felt like a chore to watch; no offense.,Negative
Pretty standard content; nothing too exciting here.,Neutral
So inspiring; this really lifted my spirits today!,Positive
"Bro, this was painful to get through; not it.",Negative
Just okay; wouldn’t remember it after scrolling by.,Neutral
You’re making waves with every post; love it!,Positive
"Felt bland, didn’t feel anything impactful.",Negative
"It’s alright, no strong impression either way.",Neutral
Total legend for sharing this; much appreciated!,Positive
Couldn’t vibe with it; seemed low-effort honestly.,Negative
"Feels like just another regular post, nothing standout.",Neutral
Keep shining; your energy is unmatched here!,Positive
"SMH, not worth the time; sorry, not sorry.",Negative
"Average content, didn’t feel much either way.",Neutral
Mad love for this post; keep it coming!,Positive
Low-key thought it was boring; didn’t catch my eye.,Negative
"Pretty normal content, doesn’t leave a huge impact.",Neutral
You’re an inspiration; love everything you post!,Positive
"Yikes, this one missed the mark; not engaging.",Negative
Neutral thoughts; didn’t feel much either way.,Neutral
Keep up the good vibes; this is fire!,Positive
Couldn’t get into this; felt repetitive.,Negative
Alright content; it’s okay for a regular post.,Neutral
This genuinely moved me; thank you for this!,Positive
Didn’t hit at all; pretty disappointed.,Negative
"Neutral on this, just a pretty regular vibe.",Neutral
Loving everything about this; super inspiring stuff!,Positive
Felt pointless; couldn’t find any value in it.,Negative
"Standard content, not something I’d share.",Neutral
"Wow, just wow; you’re bringing such positivity!",Positive
Total letdown; honestly expected way better from this.,Negative
"Neutral, didn’t hit too hard or too soft.",Neutral
Thank you for this; exactly what I needed!,Positive
"Couldn’t finish it, honestly felt dragged out.",Negative
Meh vibes; didn’t stand out much.,Neutral
This was so helpful; thank you for the guidance!,Positive
"Bruh, this just ain’t it; way too dull.",Negative
"Neutral, felt like just another post to scroll by.",Neutral
You’re always on point with this content; amazing!,Positive
Hard nope; this just wasn’t my taste at all.,Negative
Didn’t do much for me; just regular vibes.,Neutral
Your positivity is so contagious; love it!,Positive
"Pretty cringe, wasn’t a fan of this.",Negative
"Feels neutral, didn’t make a big impact.",Neutral
Thanks for the inspo; you’re a real one!,Positive
Couldn’t vibe with this at all; felt meh.,Negative
"Pretty regular post; it’s alright, nothing wild.",Neutral
You’re bringing such realness; keep doing you!,Positive
Not a fan of this; didn’t enjoy it much.,Negative
"Decent post, nothing super groundbreaking here.",Neutral
Total positive energy; you’re amazing for sharing this!,Positive
"Honestly, felt a little pointless; didn’t vibe.",Negative
"It’s okay, nothing too memorable about it.",Neutral
This post hit all the right notes; amazing!,Positive
Felt pretty awkward; didn’t enjoy it much.,Negative
"Neutral feelings overall, didn’t do much for me.",Neutral
Love the message here; so important and powerful!,Positive
"Sorry, but it felt like filler; not engaging.",Negative
"Neutral take, pretty standard stuff but fine.",Neutral
Thanks for sharing; so uplifting and positive!,Positive
Hard to connect with this; kinda boring.,Negative
"Neutral, feels like a regular post, nothing wild.",Neutral
You’re really inspiring people; thanks for this!,Positive
Straight-up boring; didn’t find any joy in it.,Negative
"It’s okay, didn’t leave much of an impression.",Neutral
Such a great perspective; love how you see things!,Positive
Low-key pointless; didn’t feel engaged at all.,Negative
"Nothing much to say, feels neutral overall.",Neutral
Your energy is contagious; keep being amazing!,Positive
"Honestly, this just isn’t my vibe; felt dull.",Negative
Pretty standard content; it’s alright for what it is.,Neutral
You’re a positive force; thanks for this energy!,Positive
"Not worth the watch, wasn’t interesting at all.",Negative
"Pretty neutral, doesn’t stand out but it’s fine.",Neutral
Thank you for the kindness; this post was lovely!,Positive
Kinda disappointing; was expecting something better tbh.,Negative
"Feels like just another post, nothing standout.",Neutral
Your words always hit deep; truly inspiring!,Positive
Felt like a total waste of time; didn’t enjoy.,Negative
"Didn’t leave much of an impact, feels pretty neutral.",Neutral
Your vibe is unmatched; love your positivity!,Positive
Low-key boring; not a fan of this content.,Negative
"Nothing wild, feels like a pretty standard post.",Neutral
This really made my day; thank you for sharing!,Positive
"Felt repetitive, nothing new or interesting here.",Negative
"Neutral on this, just average feels overall.",Neutral
This is so heartwarming; love everything about it!,Positive
Didn’t vibe with this one; felt off.,Negative
"Not too exciting, pretty neutral vibes from this.",Neutral
You’re out here doing big things; keep it up!,Positive
Felt like filler content; wasn’t into it.,Negative
"Regular vibes, didn’t make me feel much either way.",Neutral
This post really hit home; thank you!,Positive
"Bruh, this was just way too boring to watch.",Negative
"Alright vibes, not super memorable but not bad either.",Neutral
You’re genuinely so talented; keep doing amazing things!,Positive
"Yikes, didn’t enjoy this at all; felt pointless.",Negative
"Neutral, nothing much to say about it honestly.",Neutral
This is such positive energy; love it so much!,Positive
Felt pretty weak; didn’t enjoy watching it much.,Negative
Pretty standard stuff; feels alright but not amazing.,Neutral
Thank you for bringing positivity; your content is great!,Positive
This just didn’t vibe with me at all; boring.,Negative
"Neutral, feels like just another post to scroll by.",Neutral
You’re amazing for putting this out; love it!,Positive
Hard no from me; didn’t find it interesting.,Negative
Just regular vibes here,Neutral
Your creativity always blows my mind; keep it coming!,Positive
"Sorry, this was a total flop; didn’t connect.",Negative
It’s fine; just a typical post that I scrolled by.,Neutral
You’re doing amazing things; love the vibes!,Positive
Not my cup of tea; didn’t really enjoy this one.,Negative
This didn’t stand out much; feels pretty average.,Neutral
This is such a vibe; can’t get enough of your content!,Positive
Felt kind of cringey; not really into it.,Negative
Just a regular post; didn’t hit me in any way.,Neutral
You’re a legend for sharing this; it’s so helpful!,Positive
This missed the mark for me; didn’t grab my attention.,Negative
Neutral on this; it was just okay but nothing wild.,Neutral
Thank you for your positivity; it’s infectious!,Positive
"Hard to watch; felt really boring, sorry.",Negative
Pretty standard post; didn’t leave much of an impression.,Neutral
You’re bringing light to my feed; keep shining!,Positive
"Not gonna lie, this was kind of painful to get through.",Negative
"This feels like it’s just average content, nothing special.",Neutral
This is so real; love your authenticity!,Positive
"Sorry, but this was pretty lame; didn’t connect with it.",Negative
Neutral feelings; just another post I scrolled by.,Neutral
Your energy is unmatched; it really shows in your posts!,Positive
This was a major letdown; I expected so much more.,Negative
Just feels like another day on social media; nothing new.,Neutral
"Wow, this is so motivating; thanks for the inspiration!",Positive
Couldn’t get into it; it felt like a waste of time.,Negative
"Neutral vibes here; it’s alright, nothing to rave about.",Neutral
Your positivity is contagious; keep it up!,Positive
This content isn’t for me; felt really generic.,Negative
Average post; it didn’t leave a big impact on me.,Neutral
So inspired by your words; thank you for sharing!,Positive
This was a snooze; I didn’t vibe with it at all.,Negative
Neutral feelings; didn’t stand out but it’s okay.,Neutral
You always brighten my day with your content!,Positive
Not my favorite; felt pretty bland and forgettable.,Negative
Just another regular post; it’s okay but not amazing.,Neutral
Thanks for this; it was really uplifting!,Positive
Didn’t hit right; felt way too long and drawn out.,Negative
Pretty neutral; didn’t make a strong impression.,Neutral
Your posts always inspire me; keep doing what you do!,Positive
"Honestly, this was just not good; sorry to say.",Negative
Just feels like another scroll; nothing special.,Neutral
This genuinely made my day; love the positivity!,Positive
Felt kind of forced; didn’t resonate with me.,Negative
This didn’t do much for me; just a normal post.,Neutral
Loving the energy; you really make a difference!,Positive
Really didn’t enjoy this; felt like a waste of time.,Negative
Just okay; doesn’t stand out in any way.,Neutral
Your positivity shines through; thank you for this!,Positive
Kinda cringe; didn’t connect with the content.,Negative
"Neutral, didn’t spark any strong feelings from me.",Neutral
This is so heartfelt; love your perspective!,Positive
"Sorry, but this just didn’t hit for me; felt off.",Negative
Feels like just another post; nothing groundbreaking.,Neutral
You’re such an inspiration; keep sharing your light!,Positive
Total pass; didn’t engage with this at all.,Negative
"Pretty neutral; feels like a standard post, nothing wild.",Neutral
This is such good advice; thank you for sharing!,Positive
Didn’t enjoy this one; felt pretty lame honestly.,Negative
Nothing to write home about; feels pretty average.,Neutral
Your posts always bring a smile to my face!,Positive
Hard pass; I didn’t find this engaging at all.,Negative
Neutral; didn’t have a strong impression on me.,Neutral
Love this message; it’s so uplifting and positive!,Positive
Really disappointing; I expected more from you.,Negative
Just standard content; it’s fine but not memorable.,Neutral
You’re really making a difference; thank you for sharing!,Positive
"Kinda boring, honestly; didn’t really enjoy it.",Negative
Neutral feelings; just another post in the feed.,Neutral
So happy to see this; your positivity is infectious!,Positive
"Sorry, but this wasn’t my vibe at all; felt flat.",Negative
It’s just okay; nothing that grabbed my attention.,Neutral
Your creativity is off the charts; love your work!,Positive
Didn’t resonate with me; felt really bland and generic.,Negative
Just average; didn’t feel too strongly about this.,Neutral
This is seriously so inspiring; thanks for sharing!,Positive
Not great; felt like a waste of time honestly.,Negative
Feels pretty neutral; just another day scrolling through.,Neutral
Keep sharing your unique perspective; it’s refreshing!,Positive
Major letdown; didn’t connect with the content at all.,Negative
Pretty regular; didn’t feel strongly either way.,Neutral
Love how you express yourself; it’s so empowering!,Positive
This just didn’t work for me; felt kind of pointless.,Negative
Neutral on this; just a regular post that’s easy to skip.,Neutral
You’re a ray of sunshine; love your positive vibes!,Positive
Kinda cringy; not feeling the content at all.,Negative
Just a regular post; didn’t leave a strong impact.,Neutral
This is such a powerful message; thanks for sharing!,Positive
"Honestly, felt a bit boring; couldn’t engage with it.",Negative
Nothing much to say; it’s okay but forgettable.,Neutral
Your kindness really shines through; love this!,Positive
"Sorry, but I didn’t vibe with this at all; felt off.",Negative
Neutral feelings; it’s just another post in the feed.,Neutral
So much love for this; you’re truly amazing!,Positive
Didn’t enjoy this one; just kind of mediocre.,Negative
Feels pretty standard; nothing groundbreaking or exciting.,Neutral
Your perspective is so fresh; keep it up!,Positive
"Honestly, this was a letdown; didn’t enjoy it.",Negative
It’s just alright; didn’t catch my attention at all.,Neutral
Loving your energy; it’s really inspiring to see!,Positive
This missed the mark for me; felt kind of bland.,Negative
Just another post; nothing too exciting here.,Neutral
Your words always resonate with me; thanks for sharing!,Positive
This content was not my favorite; felt pretty dull.,Negative
Neutral feelings; just another scroll in my feed.,Neutral
You have such a positive impact; love what you do!,Positive
This was kind of painful to watch; sorry!,Negative
Just a typical post; didn’t leave a strong impression.,Neutral
So glad you shared this; it really made my day!,Positive
Didn’t connect with me; felt pretty lifeless.,Negative
This didn’t stand out; feels pretty average to me.,Neutral
Your creativity always amazes me; keep shining!,Positive
"Honestly, this was boring; didn’t really capture me.",Negative
Pretty standard content; didn’t feel like anything special.,Neutral
This message really hit home; so relatable!,Positive
"Not gonna lie, this felt kind of cheesy; didn’t work for me.",Negative
Just an ordinary post; nothing too engaging about it.,Neutral
Love the positivity; your energy is infectious!,Positive
This content didn’t resonate; felt like a waste of time.,Negative
Neutral vibes; it was okay but didn’t make an impact.,Neutral
Thank you for this insight; it’s so valuable!,Positive
"Sorry, this one didn’t do it for me; felt flat.",Negative
Just feels like more of the same; nothing new here.,Neutral
This is genuinely uplifting; appreciate your honesty!,Positive
Kinda cringey; didn’t connect with this at all.,Negative
Just okay; didn’t spark any strong feelings for me.,Neutral
Your positivity is so refreshing; keep it coming!,Positive
Major disappointment; I was expecting something better.,Negative
Just feels like another post; nothing groundbreaking.,Neutral
So happy to see your growth; you’re killing it!,Positive
"Honestly, this was not enjoyable; sorry to say.",Negative
Neutral; didn’t evoke any strong feelings at all.,Neutral
You have such a talent for inspiring others; keep it up!,Positive
Not great; I didn’t find it engaging or interesting.,Negative
Just a regular post; didn’t really resonate with me.,Neutral
This genuinely made me smile; thank you for sharing!,Positive
This was a bit rough; I didn’t connect with it at all.,Negative
Feels pretty neutral; nothing groundbreaking or exciting.,Neutral
Your insights are always appreciated; thanks for sharing!,Positive
This just didn’t hit for me; felt off and forced.,Negative
Neutral on this; just another post I scrolled past.,Neutral
Love how you spread positivity; it’s so refreshing!,Positive
Total pass; didn’t find this relatable at all.,Negative
Pretty average content; it’s fine but forgettable.,Neutral
Your kindness is so uplifting; thank you for this!,Positive
This didn’t resonate with me; felt way too generic.,Negative
Just feels like another post; didn’t leave a strong impact.,Neutral
Your content always makes my day; keep it up!,Positive
Hard pass; I didn’t find this engaging at all.,Negative
Neutral; didn’t have a strong impression on me.,Neutral
This is such a good reminder; love your perspective!,Positive
"Honestly, felt pretty boring; couldn’t connect with it.",Negative
Nothing much to say; it’s okay but forgettable.,Neutral
You’re spreading so much joy; keep sharing your light!,Positive
Didn’t really do it for me; felt kind of meh.,Negative
Feels pretty neutral; just another day on social media.,Neutral
Your positivity is so contagious; love your vibes!,Positive
Kinda cringe; didn’t feel like it resonated with me.,Negative
Just another typical post; didn’t stand out much.,Neutral
So inspired by what you share; thank you for this!,Positive
Really didn’t enjoy this; felt like a waste of time.,Negative
Just okay; doesn’t stand out in any way.,Neutral
Your messages always brighten my day; keep it coming!,Positive
This one was a bit of a letdown; sorry!,Negative
Neutral feelings; just another post that passed by.,Neutral
So much love for your content; it’s truly inspiring!,Positive
"This didn’t connect; felt pretty forgettable, honestly.",Negative
Just standard; didn’t leave a big impact on me.,Neutral
You’re such a light; keep shining and sharing!,Positive
"Honestly, this was just not good; sorry to say.",Negative
Just feels like another scroll; nothing special to see.,Neutral
Your positivity is so needed; thank you for sharing!,Positive
Didn’t enjoy this one; felt pretty dull and lifeless.,Negative
Neutral vibes; didn’t catch my attention much.,Neutral
This is such a powerful message; really resonates with me!,Positive
Didn’t really work for me; felt boring and drawn out.,Negative
Just another regular post; it’s fine but nothing memorable.,Neutral
You always make such great points; love this!,Positive
This was a major miss for me; didn’t connect at all.,Negative
Neutral on this; just another day on social media.,Neutral
Thank you for this; it’s so refreshing and real!,Positive
"Honestly, felt a bit stale; couldn’t connect with it.",Negative
Pretty standard; didn’t feel too strongly about this.,Neutral
Your insights are so helpful; keep sharing your thoughts!,Positive
Hard pass on this one; didn’t find it enjoyable at all.,Negative
Neutral; didn’t evoke any strong feelings for me.,Neutral
This is such a great reminder; love your perspective!,Positive
"Sorry, this just didn’t hit for me; felt off.",Negative
Neutral feelings; just another post in the feed.,Neutral
Loving this content; your positivity is infectious!,Positive
This was a letdown; I was expecting something more engaging.,Negative
Just feels like more of the same; nothing new here.,Neutral
So happy to see your growth; you’re doing amazing!,Positive
"Honestly, this was not enjoyable; felt pretty dull.",Negative
Neutral; didn’t have a strong impression on me.,Neutral
Your kindness really shines through; love this!,Positive
"Sorry, but I didn’t vibe with this at all; felt flat.",Negative
Just a regular post; didn’t leave a strong impact.,Neutral
This is seriously so inspiring; thanks for sharing!,Positive
Not great; felt like a waste of time honestly.,Negative
Feels pretty neutral; just another day scrolling through.,Neutral
Your creativity always shines; keep doing what you do!,Positive
This just didn’t connect for me; felt kind of forced.,Negative
Just okay; didn’t spark any strong feelings for me.,Neutral
Your positivity is contagious; love your vibes!,Positive
Total pass; I didn’t find this relatable at all.,Negative
Pretty average content; it’s fine but forgettable.,Neutral
Your kindness really shines through; love this!,Positive
This didn’t resonate with me; felt way too generic.,Negative
Just feels like another post; didn’t leave a strong impact.,Neutral
Your content always makes my day; keep it up!,Positive
Hard pass; I didn’t find this engaging at all.,Negative
Neutral; didn’t have a strong impression on me.,Neutral
This is such a good reminder; love your perspective!,Positive
"Honestly, felt pretty boring; couldn’t connect with it.",Negative
Nothing much to say; it’s okay but forgettable.,Neutral
You’re spreading so much joy; keep sharing your light!,Positive
Didn’t really do it for me; felt kind of meh.,Negative
Feels pretty neutral; just another day on social media.,Neutral
Your positivity is so contagious; love your vibes!,Positive
Kinda cringe; didn’t feel like it resonated with me.,Negative
Just another typical post; didn’t stand out much.,Neutral
So inspired by what you share; thank you for this!,Positive
Really didn’t enjoy this; felt like a waste of time.,Negative
Just okay; doesn’t stand out in any way.,Neutral
Your messages always brighten my day; keep it coming!,Positive
This one was a bit of a letdown; sorry!,Negative
Neutral feelings; just another post that passed by.,Neutral
So much love for your content; it’s truly inspiring!,Positive
"This didn’t connect; felt pretty forgettable, honestly.",Negative
Just standard; didn’t leave a big impact on me.,Neutral
You’re such a light; keep shining and sharing!,Positive
"Honestly, this was just not good; sorry to say.",Negative
Just feels like another scroll; nothing special to see.,Neutral
Your positivity is so needed; thank you for sharing!,Positive
Didn’t enjoy this one; felt pretty dull and lifeless.,Negative
Neutral vibes; didn’t catch my attention much.,Neutral
This is such a powerful message; really resonates with me!,Positive
Didn’t really work for me; felt boring and drawn out.,Negative
Just another regular post; it’s fine but nothing memorable.,Neutral
This is straight-up fire; love the vibes!,Positive
"Honestly, this was a bit of a snooze fest.",Negative
Just feels like background noise; nothing memorable here.,Neutral
Your positivity radiates; it’s seriously uplifting!,Positive
This was such a letdown; I expected more.,Negative
This content is fine; just not my cup of tea.,Neutral
I can’t get enough of this energy; keep it coming!,Positive
Not my fave; felt like a waste of my time.,Negative
This post was whatever; didn’t really spark my interest.,Neutral
Your creativity shines through; love what you’re doing!,Positive
This topic was boring; I wasn’t feeling it at all.,Negative
Just another scroll; didn’t make me stop.,Neutral
Thank you for sharing; your insights are always appreciated!,Positive
"Seriously, this was rough to get through; sorry!",Negative
Just an average post; nothing special about it.,Neutral
Your content always puts a smile on my face!,Positive
"Honestly, this was cringey; didn’t work for me.",Negative
It’s okay; didn’t really evoke any strong feelings.,Neutral
Your words are so refreshing; keep sharing your truth!,Positive
This one was a miss for me; felt kind of off.,Negative
Just feels like filler content; nothing too exciting here.,Neutral
Your messages resonate with me; thank you for this!,Positive
This didn’t do it for me; felt pretty bland.,Negative
Neutral vibes; just another day scrolling through social media.,Neutral
So glad you’re sharing your journey; it’s inspiring!,Positive
"Not gonna lie, this was a bit disappointing; didn’t connect.",Negative
Pretty standard content; nothing new or fresh about it.,Neutral
Your energy is infectious; I love your positivity!,Positive
I was expecting more; this was a bit of a letdown.,Negative
Just another post; didn’t capture my attention much.,Neutral
Thank you for this awesome content; it brightened my day!,Positive
I didn’t vibe with this at all; felt pretty flat.,Negative
It’s fine; didn’t really leave an impact on me.,Neutral
Your positivity is a breath of fresh air; love this!,Positive
This content was a bit of a drag; sorry!,Negative
Just feels like background noise; nothing special to see here.,Neutral
This is such a vibe; your words really resonate!,Positive
"Honestly, this was painful to watch; just not for me.",Negative
This didn’t do much for me; just scrolling by.,Neutral
I really appreciate your honesty; it’s so refreshing!,Positive
"Sorry, this one didn’t hit right; felt kind of awkward.",Negative
Neutral; didn’t make a lasting impression on me.,Neutral
Your insights are so valuable; thanks for sharing your thoughts!,Positive
This was a major miss; didn’t connect at all.,Negative
Just feels like another post; nothing groundbreaking here.,Neutral
This made my day; love your positive spirit!,Positive
I can’t say I enjoyed this; felt pretty lackluster.,Negative
Just an ordinary post; didn’t really resonate with me.,Neutral
You bring so much light; keep shining and sharing!,Positive
"Honestly, this was pretty cringey; sorry to say.",Negative
Neutral; didn’t evoke any strong feelings for me.,Neutral
Your creativity is so refreshing; keep it up!,Positive
This one was a miss; didn’t find it engaging at all.,Negative
Just feels like another day scrolling; nothing to grab onto.,Neutral
You always inspire me; love your energy!,Positive
This felt like a letdown; I expected something better.,Negative
Just okay; didn’t leave a lasting impression on me.,Neutral
Your positivity is contagious; thanks for sharing your joy!,Positive
"Sorry, this just didn’t resonate; felt off and forced.",Negative
Neutral vibes; didn’t have a strong impact on me.,Neutral
So grateful for your content; it’s always uplifting!,Positive
This didn’t connect; felt a bit awkward and forced.,Negative
Just feels like another post; nothing too engaging about it.,Neutral
Your positivity always shines through; love this!,Positive
Not great; I didn’t find this relatable at all.,Negative
Pretty average content; it’s fine but forgettable.,Neutral
Your kindness is so uplifting; thank you for this!,Positive
This didn’t resonate with me; felt generic and bland.,Negative
Just feels like more of the same; nothing exciting here.,Neutral
This genuinely made me smile; appreciate your positivity!,Positive
This was kind of rough; I didn’t connect with it at all.,Negative
Neutral; didn’t evoke any strong feelings for me.,Neutral
Love your energy; it’s seriously refreshing and uplifting!,Positive
"Honestly, this was just not enjoyable; felt pretty flat.",Negative
Just a regular post; didn’t leave a strong impact on me.,Neutral
Your content always brightens my day; keep it up!,Positive
Hard pass; didn’t find this engaging or interesting.,Negative
Neutral; didn’t have a strong impression on me.,Neutral
This is such a great reminder; love your perspective!,Positive
"Honestly, felt a bit stale; couldn’t connect with it.",Negative
Pretty standard; didn’t feel too strongly about this.,Neutral
Your insights are always appreciated; thanks for sharing!,Positive
Hard pass on this one; didn’t find it enjoyable at all.,Negative
Neutral; didn’t evoke any strong feelings for me.,Neutral
Your positivity is so needed; thank you for sharing!,Positive
This was a letdown; I was expecting something more engaging.,Negative
Just feels like another scroll; nothing special to see.,Neutral
Your creativity always amazes me; keep doing what you do!,Positive
This just didn’t connect for me; felt kind of forced.,Negative
Just okay; didn’t spark any strong feelings for me.,Neutral
Your kindness really shines through; love this!,Positive
Didn’t really do it for me; felt pretty bland.,Negative
It’s fine; didn’t really leave an impact on me.,Neutral
You’re spreading so much joy; keep sharing your light!,Positive
Didn’t enjoy this one; felt pretty dull and lifeless.,Negative
Neutral vibes; didn’t catch my attention much.,Neutral
This is such a powerful message; really resonates with me!,Positive
Didn’t really work for me; felt boring and drawn out.,Negative
Just another regular post; it’s fine but nothing memorable.,Positive
You’re so inspiring; keep sharing your journey!,Positive
This didn’t resonate with me; felt generic and bland.,Negative
Just feels like more of the same; nothing exciting here.,Neutral
You have a way of making complex things feel simple; thanks!,Positive
"Honestly, this was a miss; didn’t connect with me at all.",Negative
Just an ordinary post; didn’t really resonate with me.,Neutral
Your insights always make my day; keep sharing!,Positive
This felt a bit off; didn’t enjoy it much.,Negative
Neutral; didn’t have a strong impression on me.,Neutral
Your content is always uplifting; thank you for sharing!,Positive
Didn’t really vibe with this; felt a bit forced.,Negative
Just feels like another post; nothing too engaging about it.,Neutral
Your posts always brighten my day; love this energy!,Positive
I honestly can’t stand this; felt super boring.,Negative
This didn’t catch my interest; just another post.,Neutral
You always inspire me; keep doing what you’re doing!,Positive
This was such a letdown; expected more from you.,Negative
Just an average post; didn’t really spark any joy.,Neutral
Love your perspective; it’s so refreshing and honest!,Positive
This felt forced; I wasn’t really into it.,Negative
Pretty standard; didn’t leave a lasting impression on me.,Neutral
Your creativity shines through; love your unique style!,Positive
This content is a snooze; not for me at all.,Negative
Just feels like more of the same; nothing new here.,Neutral
This is so helpful; appreciate your insights!,Positive
Didn’t vibe with this; felt off and a bit awkward.,Negative
"Honestly, it’s just okay; didn’t stand out much.",Neutral
Your joy is contagious; keep spreading that positivity!,Positive
This was hard to watch; felt like a drag.,Negative
Just another scroll; didn’t catch my attention.,Neutral
I’m loving your content; it’s always so uplifting!,Positive
"Honestly, felt pretty dull; sorry to say.",Negative
Neutral; didn’t have a strong impact on me.,Neutral
This is a great reminder; your words mean a lot!,Positive
This didn’t resonate; felt pretty generic.,Negative
Just feels like another day scrolling through my feed.,Neutral
Your insights are amazing; keep sharing your thoughts!,Positive
"Honestly, this was a major miss; didn’t connect at all.",Negative
Pretty standard; didn’t leave me feeling anything strong.,Neutral
You bring so much light; keep shining bright!,Positive
"Not gonna lie, this was kinda cringey; didn’t enjoy it.",Negative
Neutral vibes; just another post that passed me by.,Neutral
So inspired by what you share; thanks for being awesome!,Positive
This one was a letdown; didn’t hit right for me.,Negative
Just another average post; didn’t evoke any strong feelings.,Neutral
Your positivity is so refreshing; love your spirit!,Positive
Didn’t really enjoy this; felt like a chore to get through.,Negative
Neutral; didn’t evoke any strong feelings for me.,Neutral
So much love for your content; it’s truly inspiring!,Positive
I can’t relate to this; felt pretty lackluster.,Negative
Just feels like another standard post; nothing groundbreaking.,Neutral
You’re always spreading good vibes; keep it up!,Positive
"Honestly, didn’t connect with this; felt pretty flat.",Negative
This just didn’t hit right; felt kinda awkward.,Neutral
Your messages always resonate; thank you for sharing!,Positive
Hard pass on this one; didn’t find it enjoyable at all.,Negative
Just another day scrolling; nothing too exciting here.,Neutral
Your energy is contagious; love how you share it!,Positive
Didn’t enjoy this much; it was a bit of a drag.,Negative
Neutral; didn’t have a strong impression on me.,Neutral
This genuinely made me smile; appreciate your positivity!,Positive
"Honestly, this was a bit rough to watch; sorry!",Negative
Just an ordinary post; didn’t really resonate with me.,Neutral
You always inspire me; thank you for your positive energy!,Positive
This content didn’t resonate; felt like a waste of time.,Negative
Neutral; didn’t evoke any strong feelings for me.,Neutral
Your positivity is so uplifting; thank you for sharing!,Positive
This was a letdown; I was hoping for something better.,Negative
Just feels like another scroll; nothing too engaging about it.,Neutral
I appreciate your honesty; it’s so refreshing!,Positive
Didn’t find this engaging; felt pretty generic.,Negative
Just okay; didn’t leave a lasting impression on me.,Neutral
Your insights are always appreciated; keep sharing!,Positive
This didn’t really work for me; felt dull and drawn out.,Negative
Just feels like another average post; nothing special.,Neutral
Your creativity is truly inspiring; keep shining!,Positive
This one was a miss for me; didn’t find it engaging.,Negative
Neutral vibes; just another post that went by unnoticed.,Neutral
Love your energy; it’s seriously uplifting and refreshing!,Positive
"Honestly, this was not enjoyable; felt pretty flat.",Negative
Just a regular post; didn’t leave a strong impact on me.,Neutral
Your content always makes my day; keep it up!,Positive
Hard pass; didn’t find this engaging at all.,Negative
Neutral; didn’t have a strong impression on me.,Neutral
This is such a great reminder; love your perspective!,Positive
"Honestly, felt a bit stale; couldn’t connect with it.",Negative
Pretty standard; didn’t feel too strongly about this.,Neutral
Your insights are so valuable; thanks for sharing!,Positive
This was a major miss; didn’t connect at all.,Negative
Just another post; didn’t catch my attention much.,Neutral
Thank you for sharing your journey; it’s really inspiring!,Positive
This didn’t do it for me; felt kind of blah.,Negative
Just feels like another day scrolling; nothing to grab onto.,Neutral
Your positivity is always appreciated; love what you do!,Positive
"Honestly, this was kinda awkward; didn’t resonate with me.",Negative
Neutral vibes; didn’t catch my attention much.,Neutral
This is such a powerful message; really resonates with me!,Positive
Didn’t really work for me; felt boring and drawn out.,Negative
Just another regular post; it’s fine but nothing memorable.,Neutral
Your messages always brighten my day; keep it coming!,Positive
This one was a bit of a letdown; sorry!,Negative
Neutral feelings; just another post that passed by.,Neutral
So much love for your content; it’s truly inspiring!,Positive
"This didn’t connect; felt pretty forgettable, honestly.",Negative
Just standard; didn’t leave a big impact on me.,Neutral
You’re such a light; keep shining and sharing!,Positive
"Honestly, this was just not good; sorry to say.",Negative
Just feels like another scroll; nothing special to see.,Neutral
Your positivity is so needed; thank you for sharing!,Positive
Didn’t enjoy this one; felt pretty dull and lifeless.,Negative
Neutral vibes; didn’t catch my attention much.,Neutral
This is such a powerful message; really resonates with me!,Positive
Didn’t really work for me; felt boring and drawn out.,Negative
Just another typical post; didn’t stand out much.,Neutral
So inspired by what you share; thank you for this!,Positive
Really didn’t enjoy this; felt like a waste of time.,Negative
Just okay; doesn’t stand out in any way.,Neutral
Your messages always brighten my day; keep it coming!,Positive
This one was a bit of a letdown; sorry!,Negative
Neutral feelings; just another post that passed by.,Neutral
So much love for your content; it’s truly inspiring!,Positive
"This didn’t connect; felt pretty forgettable, honestly.",Negative
Just standard; didn’t leave a big impact on me.,Neutral
You’re such a light; keep shining and sharing!,Positive
"Honestly, this was just not good; sorry to say.",Negative
Just feels like another scroll; nothing special to see.,Neutral
Your positivity is so needed; thank you for sharing!,Positive
Didn’t enjoy this one; felt pretty dull and lifeless.,Negative
Neutral vibes; didn’t catch my attention much.,Neutral
This is such a powerful message; really resonates with me!,Positive
Didn’t really work for me; felt boring and drawn out.,Negative
Just another typical post; didn’t stand out much.,Neutral
So inspired by what you share; thank you for this!,Positive
Really didn’t enjoy this; felt like a waste of time.,Negative
Just okay; doesn’t stand out in any way.,Neutral
Your messages always brighten my day; keep it coming!,Positive
This one was a bit of a letdown; sorry!,Negative
Neutral feelings; just another post that passed by.,Neutral
So much love for your content; it’s truly inspiring!,Positive
"This didn’t connect; felt pretty forgettable, honestly.",Negative
Just standard; didn’t leave a big impact on me.,Neutral
You’re such a light; keep shining and sharing!,Positive
"Honestly, this was just not good; sorry to say.",Negative
Just feels like another scroll; nothing special to see.,Neutral
Your positivity is so needed; thank you for sharing!,Positive
Didn’t enjoy this one; felt pretty dull and lifeless.,Negative
Neutral vibes; didn’t catch my attention much.,Neutral
This is such a powerful message; really resonates with me!,Positive
Didn’t really work for me; felt boring and drawn out.,Negative
Just another typical post; didn’t stand out much.,Neutral
So inspired by what you share; thank you for this!,Positive
Really didn’t enjoy this; felt like a waste of time.,Negative
Just okay; doesn’t stand out in any way.,Neutral
Your messages always brighten my day; keep it coming!,Positive
This one was a bit of a letdown; sorry!,Negative
Neutral feelings; just another post that passed by.,Neutral
So much love for your content; it’s truly inspiring!,Positive
"This didn’t connect; felt pretty forgettable, honestly.",Negative
Just standard; didn’t leave a big impact on me.,Neutral
You’re such a light; keep shining and sharing!,Positive
"Honestly, this was just not good; sorry to say.",Negative
Just feels like another scroll; nothing special to see.,Neutral
Your positivity is so needed; thank you for sharing!,Positive
Didn’t enjoy this one; felt pretty dull and lifeless.,Negative
Neutral vibes; didn’t catch my attention much.,Neutral
This is such a powerful message; really resonates with me!,Positive
Didn’t really work for me; felt boring and drawn out.,Negative
Just another typical post; didn’t stand out much.,Neutral
So inspired by what you share; thank you for this!,Positive
Really didn’t enjoy this; felt like a waste of time.,Negative
Just okay; doesn’t stand out in any way.,Neutral
Your messages always brighten my day; keep it coming!,Positive
This one was a bit of a letdown; sorry!,Negative
Neutral feelings; just another post that passed by.,Neutral
So much love for your content; it’s truly inspiring!,Positive
"This didn’t connect; felt pretty forgettable, honestly.",Negative
Just standard; didn’t leave a big impact on me.,Neutral
You’re such a light; keep shining and sharing!,Positive
"Honestly, this was just not good; sorry to say.",Negative
Just feels like another scroll; nothing special to see.,Neutral
Your positivity is so needed; thank you for sharing!,Positive
Didn’t enjoy this one; felt pretty dull and lifeless.,Negative
Neutral vibes; didn’t catch my attention much.,Neutral
This is such a powerful message; really resonates with me!,Positive
Didn’t really work for me; felt boring and drawn out.,Negative
Just another typical post; didn’t stand out much.,Neutral
So inspired by what you share; thank you for this!,Positive
Really didn’t enjoy this; felt like a waste of time.,Negative
Just okay; doesn’t stand out in any way.,Neutral
Your messages always brighten my day; keep it coming!,Positive
This one was a bit of a letdown; sorry!,Negative
Neutral feelings; just another post that passed by.,Neutral
So much love for your content; it’s truly inspiring!,Positive
"This didn’t connect; felt pretty forgettable, honestly.",Negative
Just standard; didn’t leave a big impact on me.,Neutral
You’re such a light; keep shining and sharing!,Positive
"Honestly, this was just not good; sorry to say.",Negative
Just feels like another scroll; nothing special to see.,Neutral
Your positivity is so needed; thank you for sharing!,Positive
Didn’t enjoy this one; felt pretty dull and lifeless.,Negative
Neutral vibes; didn’t catch my attention much.,Neutral
This is such a powerful message; really resonates with me!,Positive
Didn’t really work for me; felt boring and drawn out.,Negative
Just another typical post; didn’t stand out much.,Neutral
So inspired by what you share; thank you for this!,Positive
Really didn’t enjoy this; felt like a waste of time.,Negative
Just okay; doesn’t stand out in any way.,Neutral
Your messages always brighten my day; keep it coming!,Positive
This one was a bit of a letdown; sorry!,Negative
Neutral feelings; just another post that passed by.,Neutral
So much love for your content; it’s truly inspiring!,Positive
"This didn’t connect; felt pretty forgettable, honestly.",Negative
Just standard; didn’t leave a big impact on me.,Neutral
You’re such a light; keep shining and sharing!,Positive
"Honestly, this was just not good; sorry to say.",Negative
Just feels like another scroll; nothing special to see.,Neutral
Your positivity is so needed; thank you for sharing!,Positive
Didn’t enjoy this one; felt pretty dull and lifeless.,Negative
Neutral vibes; didn’t catch my attention much.,Neutral
This is such a powerful message; really resonates with me!,Positive
Didn’t really work for me; felt boring and drawn out.,Negative
Just another typical post; didn’t stand out much.,Neutral
So inspired by what you share; thank you for this!,Positive
Really didn’t enjoy this; felt like a waste of time.,Negative
Just okay; doesn’t stand out in any way.,Neutral
Your messages always brighten my day; keep it coming!,Positive
This one was a bit of a letdown; sorry!,Negative
Neutral feelings; just another post that passed by.,Neutral
So much love for your content; it’s truly inspiring!,Positive
"This didn’t connect; felt pretty forgettable, honestly.",Negative
Just standard; didn’t leave a big impact on me.,Neutral
You’re such a light; keep shining and sharing!,Positive
"Honestly, this was just not good; sorry to say.",Negative
Just feels like another scroll; nothing special to see.,Neutral
Your positivity is so needed; thank you for sharing!,Positive
Didn’t enjoy this one; felt pretty dull and lifeless.,Negative
Neutral vibes; didn’t catch my attention much.,Neutral
This is such a powerful message; really resonates with me!,Positive
Didn’t really work for me; felt boring and drawn out.,Negative
Just another typical post; didn’t stand out much.,Neutral
So inspired by what you share; thank you for this!,Positive
Really didn’t enjoy this; felt like a waste of time.,Negative
Just okay; doesn’t stand out in any way.,Neutral
Your messages always brighten my day; keep it coming!,Positive
This one was a bit of a letdown; sorry!,Negative
Neutral feelings; just another post that passed by.,Neutral
So much love for your content; it’s truly inspiring!,Positive
"This didn’t connect; felt pretty forgettable, honestly.",Negative
Just standard; didn’t leave a big impact on me.,Neutral
You’re such a light; keep shining and sharing!,Positive
"Honestly, this was just not good; sorry to say.",Negative
Just feels like another scroll; nothing special to see.,Neutral
Your positivity is so needed; thank you for sharing!,Positive
Didn’t enjoy this one; felt pretty dull and lifeless.,Negative
Neutral vibes; didn’t catch my attention much.,Neutral
This is such a powerful message; really resonates with me!,Positive
Didn’t really work for me; felt boring and drawn out.,Negative
Just another typical post; didn’t stand out much.,Neutral
So inspired by what you share; thank you for this!,Positive
Really didn’t enjoy this; felt like a waste of time.,Negative
Just okay; doesn’t stand out in any way.,Neutral
Your messages always brighten my day; keep it coming!,Positive
This one was a bit of a letdown; sorry!,Negative
Neutral feelings; just another post that passed by.,Neutral
So much love for your content; it’s truly inspiring!,Positive
"This didn’t connect; felt pretty forgettable, honestly.",Negative
Just standard; didn’t leave a big impact on me.,Neutral
You’re such a light; keep shining and sharing!,Positive
"Honestly, this was just not good; sorry to say.",Negative
Just feels like another scroll; nothing special to see.,Neutral
Your positivity is so needed; thank you for sharing!,Positive
Didn’t enjoy this one; felt pretty dull and lifeless.,Negative
Neutral vibes; didn’t catch my attention much.,Neutral
This is such a powerful message; really resonates with me!,Positive
Didn’t really work for me; felt boring and drawn out.,Negative
Just another typical post; didn’t stand out much.,Neutral
So inspired by what you share; thank you for this!,Positive
Really didn’t enjoy this; felt like a waste of time.,Negative
Just okay; doesn’t stand out in any way.,Neutral
Your messages always brighten my day; keep it coming!,Positive
This one was a bit of a letdown; sorry!,Negative
Neutral feelings; just another post that passed by.,Neutral
So much love for your content; it’s truly inspiring!,Positive
"This didn’t connect; felt pretty forgettable, honestly.",Negative
Just standard; didn’t leave a big impact on me.,Neutral
You’re such a light; keep shining and sharing!,Positive
"Honestly, this was just not good; sorry to say.",Negative
Just feels like another scroll; nothing special to see.,Neutral
Your positivity is so needed; thank you for sharing!,Positive
Didn’t enjoy this one; felt pretty dull and lifeless.,Negative
Neutral vibes; didn’t catch my attention much.,Neutral
This is such a powerful message; really resonates with me!,Positive
Didn’t really work for me; felt boring and drawn out.,Negative
Just another typical post; didn’t stand out much.,Neutral
So inspired by what you share; thank you for this!,Positive
Really didn’t enjoy this; felt like a waste of time.,Negative
Just okay; doesn’t stand out in any way.,Neutral
Your messages always brighten my day; keep it coming!,Positive
This one was a bit of a letdown; sorry!,Negative
Neutral feelings; just another post that passed by.,Neutral
So much love for your content; it’s truly inspiring!,Positive
"This didn’t connect; felt pretty forgettable, honestly.",Negative
Just standard; didn’t leave a big impact on me.,Neutral
You’re such a light; keep shining and sharing!,Positive
"Honestly, this was just not good; sorry to say.",Negative
Just feels like another scroll; nothing special to see.,Neutral
Your positivity is so needed; thank you for sharing!,Positive
Didn’t enjoy this one; felt pretty dull and lifeless.,Negative
Neutral vibes; didn’t catch my attention much.,Neutral
This is such a powerful message; really resonates with me!,Positive
Didn’t really work for me; felt boring and drawn out.,Negative
Just another typical post; didn’t stand out much.,Neutral
So inspired by what you share; thank you for this!,Positive
Really didn’t enjoy this; felt like a waste of time.,Negative
Just okay; doesn’t stand out in any way.,Neutral
Your messages always brighten my day; keep it coming!,Positive
This one was a bit of a letdown; sorry!,Negative
Neutral feelings; just another post that passed by.,Neutral
So much love for your content; it’s truly inspiring!,Positive
"This didn’t connect; felt pretty forgettable, honestly.",Negative
Just standard; didn’t leave a big impact on me.,Neutral
You’re such a light; keep shining and sharing!,Positive
"Honestly, this was just not good; sorry to say.",Negative
Just feels like another scroll; nothing special to see.,Neutral
Your positivity is so needed; thank you for sharing!,Positive
Didn’t enjoy this one; felt pretty dull and lifeless.,Negative
Neutral vibes; didn’t catch my attention much.,Neutral
This is such a powerful message; really resonates with me!,Positive
Didn’t really work for me; felt boring and drawn out.,Negative
Just another typical post; didn’t stand out much.,Neutral
So inspired by what you share; thank you for this!,Positive
Really didn’t enjoy this; felt like a waste of time.,Negative
Just okay; doesn’t stand out in any way.,Neutral
Your messages always brighten my day; keep it coming!,Positive
This one was a bit of a letdown; sorry!,Negative
Neutral feelings; just another post that passed by.,Neutral
So much love for your content; it’s truly inspiring!,Positive
"This didn’t connect; felt pretty forgettable, honestly.",Negative
Just standard; didn’t leave a big impact on me.,Neutral
You’re such a light; keep shining and sharing!,Positive
"Honestly, this was just not good; sorry to say.",Negative
Just feels like another scroll; nothing special to see.,Neutral
Your positivity is so needed; thank you for sharing!,Positive
Didn’t enjoy this one; felt pretty dull and lifeless.,Negative
Neutral vibes; didn’t catch my attention much.,Neutral
This is such a powerful message; really resonates with me!,Positive
Didn’t really work for me; felt boring and drawn out.,Negative
Just another typical post; didn’t stand out much.,Neutral
So inspired by what you share; thank you for this!,Positive
Really didn’t enjoy this; felt like a waste of time.,Negative
Just okay; doesn’t stand out in any way.,Neutral
Your messages always brighten my day; keep it coming!,Positive
This one was a bit of a letdown; sorry!,Negative
Neutral feelings; just another post that passed by.,Neutral
So much love for your content; it’s truly inspiring!,Positive
"This didn’t connect; felt pretty forgettable, honestly.",Negative
Just standard; didn’t leave a big impact on me.,Neutral
You’re such a light; keep shining and sharing!,Positive
"Honestly, this was just not good; sorry to say.",Negative
Just feels like another scroll; nothing special to see.,Neutral
Your positivity is so needed; thank you for sharing!,Positive
Didn’t enjoy this one; felt pretty dull and lifeless.,Negative
Neutral vibes; didn’t catch my attention much.,Neutral
This is such a powerful message; really resonates with me!,Positive
Didn’t really work for me; felt boring and drawn out.,Negative
Just another typical post; didn’t stand out much.,Neutral
So inspired by what you share; thank you for this!,Positive
Really didn’t enjoy this; felt like a waste of time.,Negative
Just okay; doesn’t stand out in any way.,Neutral
Your messages always brighten my day; keep it coming!,Positive
This one was a bit of a letdown; sorry!,Negative
Neutral feelings; just another post that passed by.,Neutral
So much love for your content; it’s truly inspiring!,Positive
"This didn’t connect; felt pretty forgettable, honestly.",Negative
Just standard; didn’t leave a big impact on me.,Neutral
You’re such a light; keep shining and sharing!,Positive
"Honestly, this was just not good; sorry to say.",Negative
Just feels like another scroll; nothing special to see.,Neutral
Your positivity is so needed; thank you for sharing!,Positive
Didn’t enjoy this one; felt pretty dull and lifeless.,Negative
Neutral vibes; didn’t catch my attention much.,Neutral
This is such a powerful message; really resonates with me!,Positive
Didn’t really work for me; felt boring and drawn out.,Negative
Just another typical post; didn’t stand out much.,Neutral
So inspired by what you share; thank you for this!,Positive
Really didn’t enjoy this; felt like a waste of time.,Negative
Just okay; doesn’t stand out in any way.,Neutral
Your messages always brighten my day; keep it coming!,Positive
This one was a bit of a letdown; sorry!,Negative
Neutral feelings; just another post that passed by.,Neutral
So much love for your content; it’s truly inspiring!,Positive
"This didn’t connect; felt pretty forgettable, honestly.",Negative
Just standard; didn’t leave a big impact on me.,Neutral
You’re such a light; keep shining and sharing!,Positive
"Honestly, this was just not good; sorry to say.",Negative
Just feels like another scroll; nothing special to see.,Neutral
Your positivity is so needed; thank you for sharing!,Positive
Didn’t enjoy this one; felt pretty dull and lifeless.,Negative
Neutral vibes; didn’t catch my attention much.,Neutral
This is such a powerful message; really resonates with me!,Positive
Didn’t really work for me; felt boring and drawn out.,Negative
Just another typical post; didn’t stand out much.,Neutral
So inspired by what you share; thank you for this!,Positive
Really didn’t enjoy this; felt like a waste of time.,Negative
Just okay; doesn’t stand out in any way.,Neutral
Your messages always brighten my day; keep it coming!,Positive
This one was a bit of a letdown; sorry!,Negative
Neutral feelings; just another post that passed by.,Neutral
So much love for your content; it’s truly inspiring!,Positive
"This didn’t connect; felt pretty forgettable, honestly.",Negative
Just standard; didn’t leave a big impact on me.,Neutral
You’re such a light; keep shining and sharing!,Positive
"Honestly, this was just not good; sorry to say.",Negative
Just feels like another scroll; nothing special to see.,Neutral
Your positivity is so needed; thank you for sharing!,Positive
Didn’t enjoy this one; felt pretty dull and lifeless.,Negative
Neutral vibes; didn’t catch my attention much.,Neutral
This is such a powerful message; really resonates with me!,Positive
Didn’t really work for me; felt boring and drawn out.,Negative
Just another typical post; didn’t stand out much.,Neutral
So inspired by what you share; thank you for this!,Positive
Really didn’t enjoy this; felt like a waste of time.,Negative
Just okay; doesn’t stand out in any way.,Neutral
Your messages always brighten my day; keep it coming!,Positive
This one was a bit of a letdown; sorry!,Negative
Neutral feelings; just another post that passed by.,Neutral
So much love for your content; it’s truly inspiring!,Positive
"This didn’t connect; felt pretty forgettable, honestly.",Negative
Just standard; didn’t leave a big impact on me.,Neutral
You’re such a light; keep shining and sharing!,Positive
"Honestly, this was just not good; sorry to say.",Negative
Just feels like another scroll; nothing special to see.,Neutral
Your positivity is so needed; thank you for sharing!,Positive
Didn’t enjoy this one; felt pretty dull and lifeless.,Negative
Neutral vibes; didn’t catch my attention much.,Neutral
This is such a powerful message; really resonates with me!,Positive
Didn’t really work for me; felt boring and drawn out.,Negative
Just another typical post; didn’t stand out much.,Neutral
So inspired by what you share; thank you for this!,Positive
Really didn’t enjoy this; felt like a waste of time.,Negative
Just okay; doesn’t stand out in any way.,Neutral
Your messages always brighten my day; keep it coming!,Positive
This one was a bit of a letdown; sorry!,Negative
Neutral feelings; just another post that passed by.,Neutral
So much love for your content; it’s truly inspiring!,Positive
"This didn’t connect; felt pretty forgettable, honestly.",Negative
Just standard; didn’t leave a big impact on me.,Neutral
You’re such a light; keep shining and sharing!,Positive
"Honestly, this was just not good; sorry to say.",Negative
Just feels like another scroll; nothing special to see.,Neutral
Your positivity is so needed; thank you for sharing!,Positive
Didn’t enjoy this one; felt pretty dull and lifeless.,Negative
Neutral vibes; didn’t catch my attention much.,Neutral
This is such a powerful message; really resonates with me!,Positive
Didn’t really work for me; felt boring and drawn out.,Negative
Just another typical post; didn’t stand out much.,Neutral
So inspired by what you share; thank you for this!,Positive
Really didn’t enjoy this; felt like a waste of time.,Negative
Just okay; doesn’t stand out in any way.,Neutral
Your messages always brighten my day; keep it coming!,Positive
This one was a bit of a letdown; sorry!,Negative
Neutral feelings; just another post that passed by.,Neutral
So much love for your content; it’s truly inspiring!,Positive
"This didn’t connect; felt pretty forgettable, honestly.",Negative
Just standard; didn’t leave a big impact on me.,Neutral
You’re such a light; keep shining and sharing!,Positive
"Honestly, this was just not good; sorry to say.",Negative
Just feels like another scroll; nothing special to see.,Neutral
Your positivity is so needed; thank you for sharing!,Positive
Didn’t enjoy this one; felt pretty dull and lifeless.,Negative
Neutral vibes; didn’t catch my attention much.,Neutral
This is such a powerful message; really resonates with me!,Positive
Didn’t really work for me; felt boring and drawn out.,Negative
Just another typical post; didn’t stand out much.,Neutral
So inspired by what you share; thank you for this!,Positive
Really didn’t enjoy this; felt like a waste of time.,Negative
Just okay; doesn’t stand out in any way.,Neutral
Your messages always brighten my day; keep it coming!,Positive
This one was a bit of a letdown; sorry!,Negative
Neutral feelings; just another post that passed by.,Neutral
So much love for your content; it’s truly inspiring!,Positive
"This didn’t connect; felt pretty forgettable, honestly.",Negative
Just standard; didn’t leave a big impact on me.,Neutral
You’re such a light; keep shining and sharing!,Positive
"Honestly, this was just not good; sorry to say.",Negative
Just feels like another scroll; nothing special to see.,Neutral
Your positivity is so needed; thank you for sharing!,Positive
Didn’t enjoy this one; felt pretty dull and lifeless.,Negative
Neutral vibes; didn’t catch my attention much.,Neutral
This is such a powerful message; really resonates with me!,Positive
Didn’t really work for me; felt boring and drawn out.,Negative
Just another typical post; didn’t stand out much.,Neutral
So inspired by what you share; thank you for this!,Positive
Really didn’t enjoy this; felt like a waste of time.,Negative
Just okay; doesn’t stand out in any way.,Neutral
Your messages always brighten my day; keep it coming!,Positive
This one was a bit of a letdown; sorry!,Negative
Neutral feelings; just another post that passed by.,Neutral
So much love for your content; it’s truly inspiring!,Positive
"This didn’t connect; felt pretty forgettable, honestly.",Negative
Just standard; didn’t leave a big impact on me.,Neutral
You’re such a light; keep shining and sharing!,Positive
"Honestly, this was just not good; sorry to say.",Negative
Just feels like another scroll; nothing special to see.,Neutral
Your positivity is so needed; thank you for sharing!,Positive
Didn’t enjoy this one; felt pretty dull and lifeless.,Negative
Neutral vibes; didn’t catch my attention much.,Neutral
This is such a powerful message; really resonates with me!,Positive
Didn’t really work for me; felt boring and drawn out.,Negative
Just another typical post; didn’t stand out much.,Neutral
So inspired by what you share; thank you for this!,Positive
Really didn’t enjoy this; felt like a waste of time.,Negative
Just okay; doesn’t stand out in any way.,Neutral
Your messages always brighten my day; keep it coming!,Positive
This one was a bit of a letdown; sorry!,Negative
Neutral feelings; just another post that passed by.,Neutral
So much love for your content; it’s truly inspiring!,Positive
"This didn’t connect; felt pretty forgettable, honestly.",Negative
Just standard; didn’t leave a big impact on me.,Neutral
You’re such a light; keep shining and sharing!,Positive
"Honestly, this was just not good; sorry to say.",Negative
Just feels like another scroll; nothing special to see.,Neutral
Your positivity is so needed; thank you for sharing!,Positive
Didn’t enjoy this one; felt pretty dull and lifeless.,Negative
Neutral vibes; didn’t catch my attention much.,Neutral
This is such a powerful message; really resonates with me!,Positive
Didn’t really work for me; felt boring and drawn out.,Negative
Just another typical post; didn’t stand out much.,Neutral
So inspired by what you share; thank you for this!,Positive
Really didn’t enjoy this; felt like a waste of time.,Negative
Just okay; doesn’t stand out in any way.,Neutral
Your messages always brighten my day; keep it coming!,Positive
This one was a bit of a letdown; sorry!,Negative
Neutral feelings; just another post that passed by.,Neutral
So much love for your content; it’s truly inspiring!,Positive
"This didn’t connect; felt pretty forgettable, honestly.",Negative
Just standard; didn’t leave a big impact on me.,Neutral
You’re such a light; keep shining and sharing!,Positive
"Honestly, this was just not good; sorry to say.",Negative
Just feels like another scroll; nothing special to see.,Neutral
Your positivity is so needed; thank you for sharing!,Positive
Didn’t enjoy this one; felt pretty dull and lifeless.,Negative
Neutral vibes; didn’t catch my attention much.,Neutral
This is such a powerful message; really resonates with me!,Positive
Didn’t really work for me; felt boring and drawn out.,Negative
Just another typical post; didn’t stand out much.,Neutral
So inspired by what you share; thank you for this!,Positive
Really didn’t enjoy this; felt like a waste of time.,Negative
Just okay; doesn’t stand out in any way.,Neutral
Your messages always brighten my day; keep it coming!,Positive
This one was a bit of a letdown; sorry!,Negative
Neutral feelings; just another post that passed by.,Neutral
So much love for your content; it’s truly inspiring!,Positive
"This didn’t connect; felt pretty forgettable, honestly.",Negative
Just standard; didn’t leave a big impact on me.,Neutral
You’re such a light; keep shining and sharing!,Positive
"Honestly, this was just not good; sorry to say.",Negative
Just feels like another scroll; nothing special to see.,Neutral
Your positivity is so needed; thank you for sharing!,Positive
Didn’t enjoy this one; felt pretty dull and lifeless.,Negative
Neutral vibes; didn’t catch my attention much.,Neutral
This is such a powerful message; really resonates with me!,Positive
Didn’t really work for me; felt boring and drawn out.,Negative
Just another typical post; didn’t stand out much.,Neutral
So inspired by what you share; thank you for this!,Positive
Really didn’t enjoy this; felt like a waste of time.,Negative
Just okay; doesn’t stand out in any way.,Neutral
Your messages always brighten my day; keep it coming!,Positive
This one was a bit of a letdown; sorry!,Negative
Neutral feelings; just another post that passed by.,Neutral
So much love for your content; it’s truly inspiring!,Positive
"This didn’t connect; felt pretty forgettable, honestly.",Negative
Just standard; didn’t leave a big impact on me.,Neutral
You’re such a light; keep shining and sharing!,Positive
"Honestly, this was just not good; sorry to say.",Negative
Just feels like another scroll; nothing special to see.,Neutral
Your positivity is so needed; thank you for sharing!,Positive
Didn’t enjoy this one; felt pretty dull and lifeless.,Negative
Neutral vibes; didn’t catch my attention much.,Neutral
This is such a powerful message; really resonates with me!,Positive
Didn’t really work for me; felt boring and drawn out.,Negative
Just another typical post; didn’t stand out much.,Neutral
So inspired by what you share; thank you for this!,Positive
Really didn’t enjoy this; felt like a waste of time.,Negative
Just okay; doesn’t stand out in any way.,Neutral
Your messages always brighten my day; keep it coming!,Positive
This one was a bit of a letdown; sorry!,Negative
Neutral feelings; just another post that passed by.,Neutral
So much love for your content; it’s truly inspiring!,Positive
"This didn’t connect; felt pretty forgettable, honestly.",Negative
Just standard; didn’t leave a big impact on me.,Neutral
You’re such a light; keep shining and sharing!,Positive
"Honestly, this was just not good; sorry to say.",Negative
Just feels like another scroll; nothing special to see.,Neutral
Your positivity is so needed; thank you for sharing!,Positive
Didn’t enjoy this one; felt pretty dull and lifeless.,Negative
Neutral vibes; didn’t catch my attention much.,Neutral
This is such a powerful message; really resonates with me!,Positive
Didn’t really work for me; felt boring and drawn out.,Negative
Just another typical post; didn’t stand out much.,Neutral
So inspired by what you share; thank you for this!,Positive
Really didn’t enjoy this; felt like a waste of time.,Negative
Just okay; doesn’t stand out in any way.,Neutral
Your messages always brighten my day; keep it coming!,Positive
This one was a bit of a letdown; sorry!,Negative
Neutral feelings; just another post that passed by.,Neutral
So much love for your content; it’s truly inspiring!,Positive
"This didn’t connect; felt pretty forgettable, honestly.",Negative
Just standard; didn’t leave a big impact on me.,Neutral
You’re such a light; keep shining and sharing!,Positive
"Honestly, this was just not good; sorry to say.",Negative
Just feels like another scroll; nothing special to see.,Neutral
Your positivity is so needed; thank you for sharing!,Positive
Didn’t enjoy this one; felt pretty dull and lifeless.,Negative
Neutral vibes; didn’t catch my attention much.,Neutral
This is such a powerful message; really resonates with me!,Positive
Didn’t really work for me; felt boring and drawn out.,Negative
Just another typical post; didn’t stand out much.,Neutral
This video is pure fire; I loved every second!,Positive
"That was a total cringe; never again, please!",Negative
Just another video; didn’t catch my attention.,Neutral
Your content is always lit; keep it coming!,Positive
This didn’t hit right; felt off to me.,Negative
"Meh, just scrolling past; nothing special here.",Neutral
Love your vibes; always cheering for you!,Positive
"Honestly, that was a waste of my time.",Negative
Nothing really stands out; kind of average overall.,Neutral
You’re the best; your posts make my day!,Positive
This was a huge letdown; so disappointing!,Negative
I’m indifferent; just another video in my feed.,Neutral
You inspire me; your content is a breath of fresh air!,Positive
This just bored me; not my cup of tea.,Negative
Just here for the memes; nothing else.,Neutral
Your positivity shines bright; keep being you!,Positive
This was so bad; I can’t even.,Negative
I’m neutral; didn’t really do anything for me.,Neutral
Your energy is unmatched; love your content so much!,Positive
"That was a total flop; sorry, but it is!",Negative
Just another average post; nothing unique here.,Neutral
Such a relatable message; thanks for sharing!,Positive
"Ugh, why did I even watch this? It sucked!",Negative
Just chilling; this didn’t do much for me.,Neutral
Your enthusiasm is contagious; I’m here for it!,Positive
"This didn’t resonate at all; pretty dull, honestly.",Negative
I’m just vibing; this content is okay.,Neutral
This is what I needed today; thanks for sharing!,Positive
"Seriously, what was that? Total waste of time.",Negative
Just passing by; nothing that grabbed my attention.,Neutral
Your content always lifts me up; love you!,Positive
Not really feeling this one; sorry!,Negative
This was just meh; I expected better.,Neutral
Your creativity is on another level; keep it up!,Positive
"Wow, this was so boring; yikes!",Negative
Just another day scrolling; nothing to see here.,Neutral
I’m obsessed with your vibe; you’re amazing!,Positive
What even was that? So cringe!,Negative
Just here for a second; didn’t leave a mark.,Neutral
Your posts always make me smile; thank you!,Positive
This was a total snooze; can’t believe I watched it.,Negative
Just another scroll; nothing caught my eye.,Neutral
This is why I follow you; such great content!,Positive
Seriously disappointing; I was expecting more.,Negative
Just here for the laughs; nothing serious.,Neutral
You have such a way with words; love this!,Positive
What a train wreck; that was painful to watch.,Negative
Just another post; didn’t really impress me.,Neutral
Your content is always on point; keep shining!,Positive
This wasn’t good; I’m not impressed.,Negative
I’m indifferent; it’s just another post.,Neutral
This made my day; you always inspire me!,Positive
This was a hot mess; not a fan!,Negative
Just another thing to scroll past; nothing new.,Neutral
I love how real you are; such a refreshing vibe!,Positive
That fell flat; I had high hopes.,Negative
Just an average day scrolling; didn’t do much.,Neutral
Your positivity is infectious; keep doing you!,Positive
That was a major disappointment; can’t lie!,Negative
I’m neutral on this; didn’t spark my interest.,Neutral
This was incredible; you have such a talent!,Positive
What even was that? Such a fail!,Negative
Just okay; nothing special about it.,Neutral
You always make me smile; thanks for sharing your light!,Positive
"Honestly, I didn’t vibe with this at all; sorry!",Negative
Just another thing in my feed; nothing stands out.,Neutral
Your energy is unmatched; always look forward to your posts!,Positive
This was not great; I expected more from you.,Negative
Just scrolling through; didn’t leave a lasting impression.,Neutral
I appreciate you sharing; your content is so uplifting!,Positive
That was hard to watch; felt forced and unnatural.,Negative
Just another average post; didn’t wow me.,Neutral
You’re so talented; keep sharing your gifts!,Positive
This didn’t resonate at all; really disappointed.,Negative
I’m indifferent; it’s just another post in the feed.,Neutral
Love this; your content always makes me happy!,Positive
That was a bit rough; I can’t even deal.,Negative
Just scrolling; didn’t do much for me.,Neutral
This is amazing; you always know how to inspire!,Positive
"Seriously, what was that? I’m not impressed.",Negative
Just here for the chaos; nothing else.,Neutral
Your posts are always on point; love this!,Positive
What a disaster; not my favorite.,Negative
Just an average post; didn’t catch my attention.,Neutral
I love your energy; it’s always a pleasure to watch!,Positive
That was a major letdown; I expected better.,Negative
I’m neutral; didn’t grab my interest much.,Neutral
Your creativity is unmatched; keep doing you!,Positive
"Wow, that was painful; can’t believe I watched it.",Negative
Just another day scrolling; didn’t do much for me.,Neutral
This is what I’m here for; your content is fantastic!,Positive
What a mess; that really didn’t work for me.,Negative
Just another thing to pass by; nothing special here.,Neutral
I love your positivity; always brighten my day!,Positive
Didn’t vibe with this; felt kind of off.,Negative
Just here for the memes; nothing else matters.,Neutral
Your posts always lift my spirits; thanks for sharing!,Positive
Seriously disappointing; what was that all about?,Negative
Just another post; didn’t make a big impact.,Neutral
You bring such joy; your content is truly uplifting!,Positive
What a flop; I was not feeling it.,Negative
Just passing through; nothing that wowed me.,Neutral
Your content is a breath of fresh air; keep it up!,Positive
This was so bad; I can’t even deal.,Negative
Just scrolling; didn’t leave an impression.,Neutral
Your energy is so positive; I love it!,Positive
That was a real letdown; sorry to say.,Negative
Just another scroll; didn’t catch my eye.,Neutral
You inspire me with your posts; thank you for sharing!,Positive
"Honestly, that was not good; I can’t lie.",Negative
Just a typical post; didn’t stand out much.,Neutral
This was amazing; your content is always a joy!,Positive
What a disaster; really wasn’t feeling this one.,Negative
Just here for the laughs; nothing serious.,Neutral
Your creativity is on another level; love this!,Positive
"Ugh, that was a fail; can’t believe I watched it.",Negative
Just scrolling by; didn’t do much for me.,Neutral
This is what I needed today; thanks for sharing!,Positive
"Seriously, what was that? So disappointing!",Negative
Just an average day scrolling; didn’t impress me.,Neutral
Your posts always inspire me; keep sharing your light!,Positive
That was a hot mess; really didn’t work for me.,Negative
I’m indifferent; just another post in my feed.,Neutral
You’re so talented; your creativity always shines!,Positive
"Wow, that was painful; can’t believe I watched it.",Negative
Just another thing to scroll past; nothing new.,Neutral
Your energy is so infectious; always look forward to your posts!,Positive
This was so boring; yikes!,Negative
Just here for the vibes; nothing else matters.,Neutral
This is such a vibe; love your content!,Positive
That was a total fail; not worth my time.,Negative
Just scrolling through; didn’t really capture my interest.,Neutral
You’re the GOAT; always bringing the best energy!,Positive
"Honestly, that was a total cringe moment for me.",Negative
This didn’t do much for me; kind of boring.,Neutral
Your posts always give me life; keep it up!,Positive
I can’t even with this; what a letdown!,Negative
Just here for the clout; nothing else.,Neutral
Your content always slaps; can’t get enough!,Positive
Major disappointment; I was expecting way more.,Negative
Just another scroll; didn’t stand out much.,Neutral
This is so relatable; thanks for sharing your thoughts!,Positive
That was a hot mess; can’t believe I watched it.,Negative
Just an ordinary post; didn’t leave a mark.,Neutral
You really outdid yourself; this is amazing!,Positive
This was just bad; not my fave at all.,Negative
I’m indifferent; didn’t do anything for me.,Neutral
Your energy is always on point; keep it up!,Positive
I can’t even deal with how boring that was!,Negative
Just another thing to scroll past; nothing new here.,Neutral
This is why I follow you; such great vibes!,Positive
What a flop; I really didn’t enjoy this one!,Negative
Just chilling here; didn’t catch my eye at all.,Neutral
Your creativity always shines; love this post!,Positive
That was a real letdown; I had high hopes.,Negative
Just an average post; didn’t grab my attention.,Neutral
Your content always lifts me up; thank you!,Positive
"Seriously, what was that? I’m not impressed at all.",Negative
Just passing through; nothing that wowed me here.,Neutral
You have such a unique perspective; love your insights!,Positive
That was so lame; I can’t even.,Negative
Just scrolling; didn’t leave a lasting impression.,Neutral
This made my day; you have such positive vibes!,Positive
What a disaster; that really didn’t work for me!,Negative
Just another post; didn’t really impress me at all.,Neutral
You’re so inspiring; your content brightens my day!,Positive
This was a total snooze; not a fan at all.,Negative
I’m neutral; didn’t grab my interest much.,Neutral
Your posts are always fire; keep doing you!,Positive
Seriously disappointing; I expected way better.,Negative
Just another scroll; nothing special about it.,Neutral
This is what I needed today; thank you for sharing!,Positive
"Wow, that was cringe; can’t believe I watched it!",Negative
Just another thing to pass by; nothing that stood out.,Neutral
Your energy is so contagious; I love it!,Positive
This was a major letdown; what happened?,Negative
Just here for a second; didn’t leave a mark on me.,Neutral
Your content is a breath of fresh air; keep it up!,Positive
What a mess; that really didn’t do it for me!,Negative
Just scrolling by; nothing that captured my attention.,Neutral
Your creativity is always on display; love this!,Positive
That was a total fail; can’t believe I wasted time!,Negative
Just an average day scrolling; didn’t leave an impression.,Neutral
This is amazing; your content always makes me happy!,Positive
"Seriously, what was that? So disappointing!",Negative
Just another day scrolling; didn’t catch my interest.,Neutral
Your posts always make me smile; keep shining!,Positive
"Honestly, that was a total flop; sorry!",Negative
Just another thing in my feed; didn’t impress me at all.,Neutral
Your energy is always so uplifting; I appreciate you!,Positive
That was hard to watch; felt forced and unnatural.,Negative
Just here for the vibes; nothing else matters.,Neutral
I love your positivity; you always brighten my day!,Positive
That was a big disappointment; sorry to say.,Negative
Just another post; didn’t really do anything for me.,Neutral
You bring such joy with your content; keep it up!,Positive
What a flop; I really wasn’t feeling this one.,Negative
Just passing through; nothing that wowed me here.,Neutral
Your posts always give me life; thanks for sharing!,Positive
"Seriously, what was that? Total waste of time!",Negative
Just scrolling; didn’t leave a lasting impression.,Neutral
Your positivity is infectious; keep sharing your light!,Positive
This was so bad; I can’t even deal with it!,Negative
Just another average post; didn’t catch my attention.,Neutral
Your creativity is unmatched; love how you express yourself!,Positive
"Wow, that was rough; I can’t believe I watched it.",Negative
Just another scroll; didn’t do much for me at all.,Neutral
This is what I’m here for; your content is always fantastic!,Positive
What a mess; that really didn’t work for me!,Negative
Just another day scrolling; didn’t impress me.,Neutral
You always know how to inspire; thanks for sharing!,Positive
"Honestly, that was not good; can’t lie.",Negative
Just a typical post; didn’t stand out much.,Neutral
This was incredible; you have such a talent!,Positive
What even was that? Such a fail!,Negative
Just here for the chaos; nothing serious going on.,Neutral
Your posts are always on point; love this energy!,Positive
What a disaster; really wasn’t feeling this one at all!,Negative
Just another thing to scroll past; nothing unique.,Neutral
I love how real you are; such a refreshing vibe!,Positive
That fell flat; I had high hopes for this.,Negative
Just another average day scrolling; didn’t do much.,Neutral
Your energy is unmatched; always look forward to your posts!,Positive
This was not great; I expected more from you.,Negative
I’m neutral; didn’t grab my interest much.,Neutral
You’re so talented; keep sharing your gifts!,Positive
That was a major disappointment; I can’t even.,Negative
Just passing through; nothing that wowed me.,Neutral
Your content always makes me smile; keep shining!,Positive
What a flop; I really didn’t enjoy this one.,Negative
Just scrolling; didn’t do much for me.,Neutral
Your content is always a breath of fresh air!,Positive
"Honestly, that was such a waste of time!",Negative
Just scrolling; didn’t catch my attention at all.,Neutral
You have such a unique style; love this post!,Positive
That was a total disaster; didn’t work for me.,Negative
Just another day in the feed; nothing stood out.,Neutral
You inspire me every day; thank you for sharing!,Positive
Seriously disappointing; I was expecting so much more.,Negative
Just here for the vibes; nothing else matters.,Neutral
Your energy is infectious; love what you do!,Positive
Major letdown; I really didn’t enjoy that.,Negative
Just another thing to scroll by; didn’t impress me.,Neutral
Your posts always make me smile; keep it up!,Positive
"Wow, that was hard to watch; felt forced.",Negative
Just another post; didn’t really make me think.,Neutral
This is so relatable; thanks for sharing your thoughts!,Positive
What a mess; I can’t believe I watched it!,Negative
Just here for the chaos; nothing too serious.,Neutral
You’re the best; always bringing such good vibes!,Positive
That was a total flop; so disappointed right now.,Negative
Just another scroll; didn’t leave much of an impression.,Neutral
Your creativity shines through; love what you create!,Positive
"Seriously, what was that? So unoriginal and boring!",Negative
Just passing by; didn’t really catch my eye.,Neutral
Your posts always inspire me; keep sharing your light!,Positive
That was so lame; I can’t even.,Negative
Just another thing to pass by; nothing special here.,Neutral
Your energy is always on point; thanks for sharing!,Positive
"Wow, that was a train wreck; can’t believe it!",Negative
Just scrolling through; didn’t really grab my interest.,Neutral
You have such a talent; keep sharing your gifts!,Positive
What a letdown; really expected more from you!,Negative
Just another thing in my feed; nothing that wowed me.,Neutral
Your positivity shines through; love how you express yourself!,Positive
This was a huge disappointment; felt really off.,Negative
Just another average post; didn’t catch my attention at all.,Neutral
Your posts always lift me up; keep being you!,Positive
"Seriously, what was that? Total waste of time!",Negative
Just another day scrolling; didn’t leave an impression.,Neutral
You have a unique perspective; love your insights!,Positive
That was so bad; I can’t deal with it!,Negative
Just scrolling; didn’t really do much for me.,Neutral
Your content is always fire; can’t get enough!,Positive
"Wow, that was cringy; I can't even.",Negative
Just another typical post; didn’t stand out much.,Neutral
This is why I follow you; such great vibes!,Positive
"Honestly, that was a total fail; sorry!",Negative
Just passing through; nothing that caught my attention.,Neutral
Your energy is so uplifting; I appreciate you!,Positive
What a disaster; that really didn’t work for me!,Negative
Just here for the memes; nothing serious going on.,Neutral
You always know how to inspire; thanks for sharing!,Positive
That was hard to watch; felt really forced.,Negative
Just another average day scrolling; didn’t do much for me.,Neutral
Your posts are always on point; love this energy!,Positive
This was a major letdown; I can’t even.,Negative
Just another post; didn’t really grab my attention.,Neutral
I love how real you are; such a refreshing vibe!,Positive
What even was that? Such a fail!,Negative
Just here for the good vibes; nothing else.,Neutral
Your content always makes me smile; keep shining!,Positive
That was a huge disappointment; I can’t believe it!,Negative
Just another day scrolling; nothing impressive at all.,Neutral
You bring such joy with your content; keep it up!,Positive
What a flop; I really wasn’t feeling this one.,Negative
Just scrolling; didn’t leave a lasting impression.,Neutral
Your positivity is infectious; keep sharing your light!,Positive
This was so cringe; I can’t even deal with it!,Negative
Just another thing to pass by; nothing unique at all.,Neutral
Your posts always give me life; thanks for sharing!,Positive
"Seriously, that was not good; can’t lie.",Negative
Just an average post; didn’t really do anything for me.,Neutral
Your creativity is always on display; love this!,Positive
That was a major fail; I’m disappointed.,Negative
Just passing through; nothing that wowed me here.,Neutral
Your energy is always so uplifting; I appreciate you!,Positive
This was not great; I expected more from you.,Negative
Just another day scrolling; didn’t catch my interest.,Neutral
Your content is a breath of fresh air; keep it up!,Positive
"Honestly, that was such a waste of time!",Negative
Just another thing to scroll past; didn’t impress me.,Neutral
Your energy is so contagious; I love it!,Positive
"Wow, that was rough; I can’t believe I watched it.",Negative
Just another scroll; didn’t really leave a mark.,Neutral
Your positivity always shines; love this!,Positive
That was a train wreck; I really didn’t enjoy this.,Negative
Just here for the vibes; nothing else matters.,Neutral
You always know how to make me smile; keep shining!,Positive
What a mess; that didn’t do anything for me!,Negative
Just passing through; nothing that caught my eye.,Neutral
Your content is always uplifting; thanks for sharing!,Positive
Seriously disappointing; I had higher hopes for that.,Negative
Just scrolling; didn’t leave a lasting impression.,Neutral
This is why I love following you; so genuine!,Positive
What even was that? So unoriginal and boring!,Negative
Just another thing in my feed; nothing that wowed me.,Neutral
Your creativity is unmatched; love how you express yourself!,Positive
This was a huge disappointment; felt really off.,Negative
Just another average post; didn’t catch my attention.,Neutral
Your posts always lift me up; keep being you!,Positive
"Seriously, what was that? Total waste of time!",Negative
Just another day scrolling; didn’t leave an impression.,Neutral
You have a unique perspective; love your insights!,Positive
That was so bad; I can’t deal with it!,Negative
Just scrolling; didn’t really do much for me.,Neutral
Your content is always fire; can’t get enough!,Positive
"Wow, that was cringy; I can't even.",Negative
Just another typical post; didn’t stand out much.,Neutral
This is why I follow you; such great vibes!,Positive
"Honestly, that was a total fail; sorry!",Negative
Just passing through; nothing that caught my attention.,Neutral
Your energy is so uplifting; I appreciate you!,Positive
What a disaster; that really didn’t work for me!,Negative
Just here for the memes; nothing serious going on.,Neutral
You always know how to inspire; thanks for sharing!,Positive
That was hard to watch; felt really forced.,Negative
Just another average day scrolling; didn’t do much for me.,Neutral
Your posts are always on point; love this energy!,Positive
This was a major letdown; I can’t even.,Negative
Just another post; didn’t really grab my attention.,Neutral
I love how real you are; such a refreshing vibe!,Positive
What even was that? Such a fail!,Negative
Just here for the good vibes; nothing else.,Neutral
Your content always makes me smile; keep shining!,Positive
That was a huge disappointment; I can’t believe it!,Negative
Just another day scrolling; nothing impressive at all.,Neutral
You bring such joy with your content; keep it up!,Positive
What a flop; I really wasn’t feeling this one.,Negative
Just scrolling; didn’t leave a lasting impression.,Neutral
Your positivity is infectious; keep sharing your light!,Positive
This was so cringe; I can’t even deal with it!,Negative
Just another thing to pass by; nothing unique at all.,Neutral
Your posts always give me life; thanks for sharing!,Positive
"Seriously, that was not good; can’t lie.",Negative
Just an average post; didn’t really do anything for me.,Neutral
Your creativity is always on display; love this!,Positive
That was a major fail; I’m disappointed.,Negative
Just passing through; nothing that wowed me here.,Neutral
Your energy is always so uplifting; I appreciate you!,Positive
This was not great; I expected more from you.,Negative
Just another day scrolling; didn’t catch my interest.,Neutral
Your content is a breath of fresh air; keep it up!,Positive
"Honestly, that was such a waste of time!",Negative
Just another thing to scroll past; didn’t impress me.,Neutral
Your energy is so contagious; I love it!,Positive
"Wow, that was rough; I can’t believe I watched it.",Negative
Just another scroll; didn’t really leave a mark.,Neutral
Your positivity always shines; love this!,Positive
That was a train wreck; I really didn’t enjoy this.,Negative
Just here for the vibes; nothing else matters.,Neutral
You always know how to make me smile; keep shining!,Positive
What a mess; that didn’t do anything for me!,Negative
Just passing through; nothing that caught my eye.,Neutral
Your content is always uplifting; thanks for sharing!,Positive
Seriously disappointing; I had higher hopes for that.,Negative
Just scrolling; didn’t leave a lasting impression.,Neutral
This is why I love following you; so genuine!,Positive
What even was that? So unoriginal and boring!,Negative
Just another thing in my feed; nothing that wowed me.,Neutral
Your creativity is unmatched; love how you express yourself!,Positive
This was a huge disappointment; felt really off.,Negative
Just another average post; didn’t catch my attention.,Neutral
Your posts always lift me up; keep being you!,Positive
"Seriously, what was that? Total waste of time!",Negative
Just another day scrolling; didn’t leave an impression.,Neutral
You have a unique perspective; love your insights!,Positive
That was so bad; I can’t deal with it!,Negative
Just scrolling; didn’t really do much for me.,Neutral
Your content is always fire; can’t get enough!,Positive
"Wow, that was cringy; I can't even.",Negative
Just another typical post; didn’t stand out much.,Neutral
This is why I follow you; such great vibes!,Positive
"Honestly, that was a total fail; sorry!",Negative
Just passing through; nothing that caught my attention.,Neutral
Your energy is so uplifting; I appreciate you!,Positive
What a disaster; that really didn’t work for me!,Negative
Just here for the memes; nothing serious going on.,Neutral
You always know how to inspire; thanks for sharing!,Positive
That was hard to watch; felt really forced.,Negative
Just another average day scrolling; didn’t do much for me.,Neutral
Your posts are always on point; love this energy!,Positive
This was a major letdown; I can’t even.,Negative
Just another post; didn’t really grab my attention.,Neutral
I love how real you are; such a refreshing vibe!,Positive
What even was that? Such a fail!,Negative
Just here for the good vibes; nothing else.,Neutral
Your content always makes me smile; keep shining!,Positive
That was a huge disappointment; I can’t believe it!,Negative
Just another day scrolling; nothing impressive at all.,Neutral
You bring such joy with your content; keep it up!,Positive
What a flop; I really wasn’t feeling this one.,Negative
Just scrolling; didn’t leave a lasting impression.,Neutral
Your positivity is infectious; keep sharing your light!,Positive
This was so cringe; I can’t even deal with it!,Negative
Just another thing to pass by; nothing unique at all.,Neutral
Your posts always give me life; thanks for sharing!,Positive
"Seriously, that was not good; can’t lie.",Negative
Just an average post; didn’t really do anything for me.,Neutral
Your creativity is always on display; love this!,Positive
That was a major fail; I’m disappointed.,Negative
Just passing through; nothing that wowed me here.,Neutral
Your energy is always so uplifting; I appreciate you!,Positive
This was not great; I expected more from you.,Negative
Just another day scrolling; didn’t catch my interest.,Neutral
Your content is a breath of fresh air; keep it up!,Positive
"Honestly, that was such a waste of time!",Negative
Just another thing to scroll past; didn’t impress me.,Neutral
Your energy is so contagious; I love it!,Positive
"Wow, that was rough; I can’t believe I watched it.",Negative
Just another scroll; didn’t really leave a mark.,Neutral
Your positivity always shines; love this!,Positive
That was a train wreck; I really didn’t enjoy this.,Negative
Just here for the vibes; nothing else matters.,Neutral
You always know how to make me smile; keep shining!,Positive
What a mess; that didn’t do anything for me!,Negative
Just passing through; nothing that caught my eye.,Neutral
Your content is always uplifting; thanks for sharing!,Positive
Seriously disappointing; I had higher hopes for that.,Negative
Just scrolling; didn’t leave a lasting impression.,Neutral
This is why I love following you; so genuine!,Positive
What even was that? So unoriginal and boring!,Negative
Just another thing in my feed; nothing that wowed me.,Neutral
Your creativity is unmatched; love how you express yourself!,Positive
This was a huge disappointment; felt really off.,Negative
Just another average post; didn’t catch my attention.,Neutral
Your posts always lift me up; keep being you!,Positive
"Seriously, what was that? Total waste of time!",Negative
Just another day scrolling; didn’t leave an impression.,Neutral
You have a unique perspective; love your insights!,Positive
That was so bad; I can’t deal with it!,Negative
Just scrolling; didn’t really do much for me.,Neutral
Your content is always fire; can’t get enough!,Positive
"Wow, that was cringy; I can't even.",Negative
Just another typical post; didn’t stand out much.,Neutral
This is why I follow you; such great vibes!,Positive
"Honestly, that was a total fail; sorry!",Negative
Just passing through; nothing that caught my attention.,Neutral
Your energy is so uplifting; I appreciate you!,Positive
What a disaster; that really didn’t work for me!,Negative
Just here for the memes; nothing serious going on.,Neutral
You always know how to inspire; thanks for sharing!,Positive
That was hard to watch; felt really forced.,Negative
Just another average day scrolling; didn’t do much for me.,Neutral
Just vibing with your content; always a mood!,Positive
That was a total train wreck; what were you thinking?,Negative
I’m just here for the vibes; nothing else matters.,Neutral
Your energy is unmatched; keep spreading that positivity!,Positive
"Seriously, what a disaster; can’t believe I wasted my time!",Negative
This post didn’t really do it for me; just scrolling by.,Neutral
Love how genuine you are; it’s refreshing to see!,Positive
That was cringe; I can’t even with this one.,Negative
Just another boring post; didn’t catch my eye at all.,Neutral
Your content always brings a smile; keep being awesome!,Positive
What a fail; I was expecting something better!,Negative
Just another day scrolling; nothing here to stop for.,Neutral
Your posts give me life; always look forward to them!,Positive
That was a hot mess; totally not feeling it!,Negative
Just passing through; nothing here piqued my interest.,Neutral
Your creativity always shines through; love this energy!,Positive
"Wow, that was really bad; I can’t deal with that!",Negative
Just another typical post; didn’t leave a mark.,Neutral
You inspire me with your posts; keep it up!,Positive
This was so underwhelming; I expected better.,Negative
Just scrolling by; didn’t leave me wanting more.,Neutral
Your content is always fire; can’t get enough!,Positive
What even was that? Total snooze fest!,Negative
Just another day in my feed; nothing too exciting here.,Neutral
Your positivity is contagious; keep sharing that good energy!,Positive
"Honestly, that was hard to watch; felt super forced.",Negative
Just passing through; nothing really caught my eye.,Neutral
Love how you express yourself; always so relatable!,Positive
That was cringy; I can't even deal with it!,Negative
Just scrolling; didn’t do much for my mood.,Neutral
Your posts always make me smile; thanks for sharing!,Positive
What a flop; that didn’t do anything for me.,Negative
Just another thing in my feed; nothing that wowed me.,Neutral
Your vibe is always on point; love it!,Positive
This was such a waste of time; I can’t believe I watched it.,Negative
Just another day of scrolling; didn’t grab my attention.,Neutral
Your posts always uplift me; keep shining!,Positive
That was a total disaster; I really didn’t enjoy this.,Negative
Just passing by; nothing that caught my attention.,Neutral
Your energy is so refreshing; love how real you are!,Positive
"Seriously, what was that? A total letdown!",Negative
Just scrolling; didn’t leave a lasting impression at all.,Neutral
Your content is a breath of fresh air; keep it coming!,Positive
"Honestly, that was really disappointing; expected so much more.",Negative
Just another thing to scroll past; nothing impressed me.,Neutral
Love your unique perspective; always look forward to your posts!,Positive
What a mess; that didn’t do it for me!,Negative
Just here for the good vibes; nothing else matters.,Neutral
Your creativity is always inspiring; keep sharing!,Positive
This was such a letdown; didn’t live up to the hype.,Negative
Just another thing in my feed; didn’t really stand out.,Neutral
Your positivity always shines; it makes my day better!,Positive
What a train wreck; I can’t believe this went live!,Negative
Just another boring post; didn’t catch my attention at all.,Neutral
Your energy is infectious; I appreciate your vibe!,Positive
"Honestly, that was a flop; totally not worth my time.",Negative
Just passing through; nothing that stood out to me.,Neutral
Love how authentic you are; it’s a breath of fresh air!,Positive
This was rough; I can’t even watch this again.,Negative
Just scrolling; didn’t do much for my mood today.,Neutral
Your posts are always uplifting; keep being you!,Positive
That was such a disaster; felt really forced and awkward.,Negative
Just another day in my feed; nothing here really interested me.,Neutral
You always inspire me with your words; keep it up!,Positive
What even was that? Total fail; I’m so disappointed.,Negative
Just here for the laughs; nothing serious going on.,Neutral
Your positivity radiates; I’m here for it!,Positive
"Seriously, that was hard to watch; what a letdown!",Negative
Just passing through; nothing that caught my eye.,Neutral
Your creativity is unmatched; love how you express yourself!,Positive
This was a huge disappointment; felt really off.,Negative
Just another average post; didn’t grab my attention.,Neutral
Your posts always lift me up; keep being you!,Positive
"Seriously, what was that? Total waste of time!",Negative
Just another day scrolling; didn’t leave an impression.,Neutral
You have a unique perspective; love your insights!,Positive
That was so bad; I can’t deal with it!,Negative
Just scrolling; didn’t really do much for me.,Neutral
Your content is always fire; can’t get enough!,Positive
"Wow, that was cringy; I can't even.",Negative
Just another typical post; didn’t stand out much.,Neutral
This is why I follow you; such great vibes!,Positive
"Honestly, that was a total fail; sorry!",Negative
Just passing through; nothing that caught my attention.,Neutral
Your energy is so uplifting; I appreciate you!,Positive
What a disaster; that really didn’t work for me!,Negative
Just here for the memes; nothing serious going on.,Neutral
You always know how to inspire; thanks for sharing!,Positive
That was hard to watch; felt really forced.,Negative
Just another average day scrolling; didn’t do much for me.,Neutral
Your creativity always shines through; love this!,Positive
That was such a flop; can’t believe I watched it!,Negative
Just another post; didn’t really grab my attention.,Neutral
This content always makes me smile; keep it up!,Positive
What a disaster; totally not what I expected!,Negative
Just here scrolling; nothing special caught my eye.,Neutral
Your energy is contagious; it brightens my day!,Positive
"Honestly, that was so cringy; I can’t deal!",Negative
Just another typical day online; nothing exciting here.,Neutral
Your posts always make me happy; I appreciate you!,Positive
That was hard to watch; what were you thinking?,Negative
Just passing through; didn’t leave an impression.,Neutral
Love how real you are; always refreshing!,Positive
"Seriously, that was a total mess; I can’t even!",Negative
Just another day scrolling; nothing here impressed me.,Neutral
Your vibe is always on point; love it!,Positive
What even was that? So disappointing!,Negative
Just scrolling through; didn’t catch my interest at all.,Neutral
Your positivity radiates; keep spreading it!,Positive
That was such a letdown; I expected much better.,Negative
Just another thing to scroll past; nothing caught my eye.,Neutral
Your posts give me life; I look forward to them!,Positive
What a fail; really didn’t do it for me!,Negative
Just here for the laughs; didn’t feel serious at all.,Neutral
Love your unique perspective; always insightful!,Positive
This was a total waste of time; I can’t believe I sat through it.,Negative
Just passing by; nothing here stood out to me.,Neutral
Your creativity is inspiring; please keep sharing!,Positive
"Honestly, that was rough; can’t deal with it!",Negative
Just another scroll; didn’t make me stop at all.,Neutral
Your energy is unmatched; I appreciate it!,Positive
"Seriously, what was that? I’m so disappointed.",Negative
Just scrolling; didn’t really do much for my mood today.,Neutral
Your positivity is infectious; I’m here for it!,Positive
What a mess; that totally fell flat!,Negative
Just another day of scrolling; nothing exciting here.,Neutral
You always lift me up with your content; keep shining!,Positive
That was a total train wreck; I can’t even deal with this.,Negative
Just here for the vibes; nothing serious going on.,Neutral
Your posts are always so uplifting; thanks for being you!,Positive
What a disaster; I can’t believe this got posted!,Negative
Just another average post; didn’t leave a mark.,Neutral
Your creativity shines through; love your work!,Positive
"Honestly, that was a huge letdown; I expected more.",Negative
Just scrolling; didn’t really stand out to me.,Neutral
Your vibe is so refreshing; keep being you!,Positive
This was a big fail; I can't even with this one!,Negative
Just passing through; didn’t catch my attention at all.,Neutral
Your posts are always fire; can’t get enough of them!,Positive
What even was that? Total disaster!,Negative
Just here to scroll; nothing here made me stop.,Neutral
Your energy is always uplifting; thanks for sharing!,Positive
"Seriously, that was painful to watch; I can’t deal.",Negative
Just another thing to scroll by; nothing special.,Neutral
Your content always inspires me; keep sharing that good energy!,Positive
What a mess; this didn’t do anything for me!,Negative
Just another day scrolling; nothing here really caught my eye.,Neutral
Your positivity always makes my day; keep it up!,Positive
"Honestly, that was really bad; felt super forced.",Negative
Just passing through; nothing that really caught my interest.,Neutral
Your creativity always amazes me; please continue!,Positive
That was a total flop; I really didn’t enjoy this.,Negative
Just here for the good vibes; nothing else matters.,Neutral
Your posts always make me smile; keep spreading joy!,Positive
What a train wreck; I can’t believe this got posted!,Negative
Just scrolling; didn’t do much for my mood today.,Neutral
Your energy is so uplifting; I appreciate your content!,Positive
"Honestly, that was rough; can’t deal with this!",Negative
Just passing by; nothing here left a mark on me.,Neutral
Your posts are a breath of fresh air; love them!,Positive
"Seriously, what was that? A total fail!",Negative
Just another average day scrolling; didn’t catch my attention.,Neutral
Your creativity shines; I look forward to your posts!,Positive
What a disappointment; I expected so much more from this.,Negative
Just here to scroll; nothing that stood out today.,Neutral
Your vibe is always on point; keep being awesome!,Positive
That was such a letdown; I can’t even deal!,Negative
Just another post; didn’t really do anything for me.,Neutral
Your positivity radiates; keep sharing it!,Positive
"Seriously, that was a train wreck; I can’t believe it!",Negative
Just scrolling by; nothing here really interested me.,Neutral
Your content is always so creative; love your perspective!,Positive
What even was that? Total waste of time!,Negative
Just another typical day online; nothing exciting here.,Neutral
Your energy is infectious; I love your vibe!,Positive
"Honestly, that was such a flop; I can’t deal with it!",Negative
Just passing through; nothing really caught my eye.,Neutral
Your creativity always inspires me; keep it going!,Positive
That was hard to watch; what were you thinking?,Negative
Just another day scrolling; nothing here impressed me.,Neutral
Your posts always bring joy; keep spreading positivity!,Positive
What a disaster; I really didn’t enjoy this one.,Negative
Just here to scroll; didn’t leave a lasting impression.,Neutral
Your posts are always uplifting; I appreciate your content!,Positive
"Seriously, that was rough; I can’t believe this is a thing.",Negative
Just another average day online; didn’t catch my attention.,Neutral
Your creativity is amazing; I look forward to your posts!,Positive
This was a total fail; I expected so much more.,Negative
Just passing by; nothing here stood out to me.,Neutral
Your energy always shines through; keep being you!,Positive
What a mess; that really didn’t work for me!,Negative
Just here for the laughs; nothing serious going on here.,Neutral
Your vibe is so refreshing; I love your authenticity!,Positive
"Honestly, that was a huge letdown; expected so much better!",Negative
Just another thing to scroll by; nothing caught my eye.,Neutral
Your posts always brighten my day; keep sharing!,Positive
What a train wreck; I can’t believe this went live!,Negative
Just here to scroll; didn’t leave a lasting impression.,Neutral
Your creativity always makes me smile; love your content!,Positive
This was a huge disappointment; didn’t live up to the hype.,Negative
Just passing through; nothing that caught my attention.,Neutral
Your energy is infectious; keep spreading that positivity!,Positive
What even was that? Total disaster; I’m so disappointed.,Negative
Just scrolling; didn’t really do much for my mood.,Neutral
Your positivity always shines through; keep being awesome!,Positive
"Honestly, that was painful to watch; I can’t deal with this.",Negative
Just another post; didn’t really leave an impression.,Neutral
Love your unique perspective; it’s always refreshing!,Positive
What a flop; that didn’t do anything for me!,Negative
Just another average day scrolling; didn’t grab my attention.,Neutral
Your posts always inspire me; keep sharing that good energy!,Positive
That was such a letdown; felt really forced and awkward.,Negative
Just passing through; nothing that really caught my eye.,Neutral
Your creativity always amazes me; I appreciate your work!,Positive
What even was that? Total waste of time!,Negative
Just scrolling; didn’t really stand out to me.,Neutral
Your vibe is always on point; love what you do!,Positive
"Honestly, that was a train wreck; can’t believe this was posted!",Negative
Just passing by; nothing here that caught my attention.,Neutral
Your posts are a breath of fresh air; keep being you!,Positive
That was hard to watch; felt super forced.,Negative
Just another thing to scroll by; nothing special.,Neutral
Your creativity shines; I always look forward to your posts!,Positive
What a disaster; I can’t believe this was shared!,Negative
Just another day scrolling; nothing really caught my eye.,Neutral
Your energy is contagious; keep sharing that positivity!,Positive
"Honestly, that was a flop; totally not feeling it!",Negative
Just here to scroll; didn’t do much for my mood today.,Neutral
Your positivity always brightens my day; keep it coming!,Positive
What a train wreck; I can’t believe I wasted my time on this.,Negative
Just passing through; didn’t really stand out at all.,Neutral
Your posts always inspire me; keep shining!,Positive
This was such a letdown; didn’t live up to expectations.,Negative
Just here for the good vibes; nothing serious going on.,Neutral
Your creativity is unmatched; I appreciate your unique take!,Positive
What even was that? Total fail; I’m so disappointed.,Negative
Just scrolling by; nothing here really interested me.,Neutral
Your energy always uplifts me; I love your vibe!,Positive
"Honestly, that was hard to watch; what a letdown!",Negative
Just another post; didn’t leave a lasting impression on me.,Neutral
Your positivity shines through; keep being you!,Positive
What a disaster; I can’t deal with this!,Negative
Just passing by; nothing that caught my interest.,Neutral
Your creativity always amazes me; love your perspective!,Positive
"Seriously, that was a total fail; can’t believe I watched it.",Negative
Just another day scrolling; didn’t do much for my mood today.,Neutral
Your posts always lift me up; keep sharing positivity!,Positive
What a mess; that really didn’t work for me!,Negative
Just here to scroll; nothing special caught my eye.,Neutral
Your energy is so refreshing; I love your authenticity!,Positive
"Honestly, that was rough; can’t deal with this at all.",Negative
Just passing through; nothing here left a mark on me.,Neutral
Your creativity is inspiring; please keep sharing!,Positive
That was a total flop; I really didn’t enjoy this at all.,Negative
Just another thing in my feed; nothing that wowed me.,Neutral
Your posts always make me smile; keep spreading joy!,Positive
What a train wreck; I can’t believe this got posted!,Negative
Just scrolling; didn’t do much for my mood.,Neutral
Your positivity radiates; I appreciate your content!,Positive
What even was that? Total waste of time!,Negative
Just another average day scrolling; didn’t catch my attention.,Neutral
Your vibe is always on point; keep being awesome!,Positive
That was such a letdown; I can’t even with this!,Negative
Just another post; didn’t really leave a mark on me.,Neutral
Your energy is so uplifting; I appreciate you!,Positive
"Honestly, that was painful to watch; I can’t deal with this.",Negative
Just passing by; nothing really caught my eye.,Neutral
Your creativity always shines through; love your content!,Positive
This was such a disappointment; didn’t live up to the hype.,Negative
Just scrolling by; nothing here that left an impression.,Neutral
Your posts are always uplifting; keep being you!,Positive
What a disaster; I can’t believe this was posted!,Negative
Just another typical day online; nothing exciting here.,Neutral
Your energy is infectious; I love your vibe!,Positive
"Honestly, that was such a flop; I can’t deal with it!",Negative
Just passing through; nothing that really caught my eye.,Neutral
Your creativity always inspires me; keep it going!,Positive
That was hard to watch; what were you thinking?,Negative
Just another day scrolling; nothing here impressed me.,Neutral
Your posts always bring joy; keep spreading positivity!,Positive
What a train wreck; I can’t believe I wasted my time on this.,Negative
Just passing through; didn’t really stand out at all.,Neutral
Your creativity is amazing; I look forward to your posts!,Positive
What even was that? Total fail; I’m so disappointed.,Negative
Just here to scroll; nothing that stood out today.,Neutral
Your vibe is always on point; love what you do!,Positive
"Honestly, that was a train wreck; can’t believe this was posted!",Negative
Just passing by; nothing here that caught my attention.,Neutral
Your posts are a breath of fresh air; keep being you!,Positive
That was hard to watch; felt super forced.,Negative
Just another thing to scroll by; nothing special.,Neutral
Your creativity shines; I always look forward to your posts!,Positive
What a disaster; I can’t believe this was shared!,Negative
Just another day scrolling; nothing really caught my eye.,Neutral
Your energy is contagious; keep sharing that positivity!,Positive
"Honestly, that was a flop; totally not feeling it!",Negative
Just here to scroll; didn’t do much for my mood today.,Neutral
Your positivity always brightens my day; keep it coming!,Positive
What a train wreck; I can’t believe I wasted my time on this.,Negative
Just passing through; didn’t really stand out at all.,Neutral
Your posts always inspire me; keep shining!,Positive
This was such a letdown; didn’t live up to expectations.,Negative
Just here for the good vibes; nothing serious going on.,Neutral
Your creativity is unmatched; I appreciate your unique take!,Positive
What even was that? Total fail; I’m so disappointed.,Negative
Just scrolling by; nothing here really interested me.,Neutral
Your energy always uplifts me; I love your vibe!,Positive
"Honestly, that was hard to watch; what a letdown!",Negative
Just another post; didn’t leave a lasting impression on me.,Neutral
Your positivity shines through; keep being you!,Positive
What a disaster; I can’t deal with this!,Negative
Just passing by; nothing that caught my interest.,Neutral
Your creativity always amazes me; love your perspective!,Positive
"Seriously, that was a total fail; can’t believe I watched it.",Negative
Just another day scrolling; didn’t do much for my mood today.,Neutral
Your posts always lift me up; keep sharing positivity!,Positive
What a mess; that really didn’t work for me!,Negative
Just here to scroll; nothing special caught my eye.,Neutral
Your energy is so refreshing; I love your authenticity!,Positive
"Honestly, that was rough; can’t deal with this at all.",Negative
Just passing through; nothing here left a mark on me.,Neutral
Your creativity is inspiring; please keep sharing!,Positive
That was a total flop; I really didn’t enjoy this at all.,Negative
Just another thing in my feed; nothing that wowed me.,Neutral
Your posts always make me smile; keep spreading joy!,Positive
What a train wreck; I can’t believe this got posted!,Negative
Just scrolling; didn’t do much for my mood.,Neutral
Your positivity radiates; I appreciate your content!,Positive
What even was that? Total waste of time!,Negative
Just another average day scrolling; didn’t catch my attention.,Neutral
Your vibe is always on point; keep being awesome!,Positive
That was such a letdown; I can’t even with this!,Negative
Just another post; didn’t really leave a mark on me.,Neutral
Your energy is so uplifting; I appreciate you!,Positive
"Honestly, that was painful to watch; I can’t deal with this.",Negative
Just passing by; nothing really caught my eye.,Neutral
Your creativity always shines through; love your content!,Positive
This was such a disappointment; didn’t live up to the hype.,Negative
Just scrolling by; nothing here that left an impression.,Neutral
Your posts are always uplifting; keep being you!,Positive
What a disaster; I can’t believe this was posted!,Negative
Just another typical day online; nothing exciting here.,Neutral
Your energy is infectious; I love your vibe!,Positive
"Honestly, that was such a flop; I can’t deal with it!",Negative
Just passing through; nothing that really caught my eye.,Neutral
Your creativity always inspires me; keep it going!,Positive
That was hard to watch; what were you thinking?,Negative
Just another day scrolling; nothing here impressed me.,Neutral
Your posts always bring joy; keep spreading positivity!,Positive
What a train wreck; I can’t believe I wasted my time on this.,Negative
Just passing through; didn’t really stand out at all.,Neutral
Your creativity is amazing; I look forward to your posts!,Positive
What even was that? Total fail; I’m so disappointed.,Negative
Just here to scroll; nothing that stood out today.,Neutral
Your vibe is always on point; love what you do!,Positive
"Honestly, that was a train wreck; can’t believe this was posted!",Negative
Just passing by; nothing here that caught my attention.,Neutral
Your posts are a breath of fresh air; keep being you!,Positive
That was hard to watch; felt super forced.,Negative
Just another thing to scroll by; nothing special.,Neutral
Your creativity shines; I always look forward to your posts!,Positive
What a disaster; I can’t believe this was shared!,Negative
Just another day scrolling; nothing really caught my eye.,Neutral
Your energy is contagious; keep sharing that positivity!,Positive
"Honestly, that was a flop; totally not feeling it!",Negative
Just here to scroll; didn’t do much for my mood today.,Neutral
Your positivity always brightens my day; keep it coming!,Positive
What a train wreck; I can’t believe I wasted my time on this.,Negative
Just passing through; didn’t really stand out at all.,Neutral
Your posts always inspire me; keep shining!,Positive
This was such a letdown; didn’t live up to expectations.,Negative
Just here for the good vibes; nothing serious going on.,Neutral
Your creativity is unmatched; I appreciate your unique take!,Positive
What even was that? Total fail; I’m so disappointed.,Negative
Just scrolling by; nothing here really interested me.,Neutral
Your energy always uplifts me; I love your vibe!,Positive
"Honestly, that was hard to watch; what a letdown!",Negative
Just another post; didn’t leave a lasting impression on me.,Neutral
Your positivity shines through; keep being you!,Positive
What a disaster; I can’t deal with this!,Negative
Just passing by; nothing that caught my interest.,Neutral
Your creativity always amazes me; love your perspective!,Positive
"Seriously, that was a total fail; can’t believe I watched it.",Negative
Just another day scrolling; didn’t do much for my mood today.,Neutral
Your posts always lift me up; keep sharing positivity!,Positive
What a mess; that really didn’t work for me!,Negative
Just here to scroll; nothing special caught my eye.,Neutral
Your energy is so refreshing; I love your authenticity!,Positive
"Honestly, that was rough; can’t deal with this at all.",Negative
Just passing through; nothing here left a mark on me.,Neutral
Your creativity is inspiring; please keep sharing!,Positive
That was a total flop; I really didn’t enjoy this at all.,Negative
Just another thing in my feed; nothing that wowed me.,Neutral
Your posts always make me smile; keep spreading joy!,Positive
What a train wreck; I can’t believe this got posted!,Negative
Just scrolling; didn’t do much for my mood.,Neutral
Your positivity radiates; I appreciate your content!,Positive
What even was that? Total waste of time!,Negative
Just another average day scrolling; didn’t catch my attention.,Neutral
Your vibe is always on point; keep being awesome!,Positive
That was such a letdown; I can’t even with this!,Negative
Just another post; didn’t really leave a mark on me.,Neutral
Your energy is so uplifting; I appreciate you!,Positive
"Honestly, that was painful to watch; I can’t deal with this.",Negative
Just passing by; nothing really caught my eye.,Neutral
Your creativity always shines through; love your content!,Positive
This was such a disappointment; didn’t live up to the hype.,Negative
Just scrolling by; nothing here that left an impression.,Neutral
Your posts are always uplifting; keep being you!,Positive
What a disaster; I can’t believe this was posted!,Negative
Just another typical day online; nothing exciting here.,Neutral
Your energy is infectious; I love your vibe!,Positive
"Honestly, that was such a flop; I can’t deal with it!",Negative
Just passing through; nothing that really caught my eye.,Neutral
Your creativity always inspires me; keep it going!,Positive
That was hard to watch; what were you thinking?,Negative
Just another day scrolling; nothing here impressed me.,Neutral
Your posts always bring joy; keep spreading positivity!,Positive
What a train wreck; I can’t believe I wasted my time on this.,Negative
Just passing through; didn’t really stand out at all.,Neutral
Your creativity is amazing; I look forward to your posts!,Positive
What even was that? Total fail; I’m so disappointed.,Negative
Just here to scroll; nothing that stood out today.,Neutral
Your vibe is always on point; love what you do!,Positive
"Honestly, that was a train wreck; can’t believe this was posted!",Negative
Just passing by; nothing here that caught my attention.,Neutral
Your posts are a breath of fresh air; keep being you!,Positive
That was hard to watch; felt super forced.,Negative
Just another thing to scroll by; nothing special.,Neutral
Your creativity shines; I always look forward to your posts!,Positive
What a disaster; I can’t believe this was shared!,Negative
Just another day scrolling; nothing really caught my eye.,Neutral
Your energy is contagious; keep sharing that positivity!,Positive
"Honestly, that was a flop; totally not feeling it!",Negative
Just here to scroll; didn’t do much for my mood today.,Neutral
Your positivity always brightens my day; keep it coming!,Positive
What a train wreck; I can’t believe I wasted my time on this.,Negative
Just passing through; didn’t really stand out at all.,Neutral
Your posts always inspire me; keep shining!,Positive
This was such a letdown; didn’t live up to expectations.,Negative
Just here for the good vibes; nothing serious going on.,Neutral
Your creativity is unmatched; I appreciate your unique take!,Positive
What even was that? Total fail; I’m so disappointed.,Negative
Just scrolling by; nothing here really interested me.,Neutral
Your energy always uplifts me; I love your vibe!,Positive
"Honestly, that was hard to watch; what a letdown!",Negative
Just another post; didn’t leave a lasting impression on me.,Neutral
Your positivity shines through; keep being you!,Positive
What a disaster; I can’t deal with this!,Negative
Just passing by; nothing that caught my interest.,Neutral
Your creativity always amazes me; love your perspective!,Positive
"Seriously, that was a total fail; can’t believe I watched it.",Negative
Just another day scrolling; didn’t do much for my mood today.,Neutral
Your posts always lift me up; keep sharing positivity!,Positive
What a mess; that really didn’t work for me!,Negative
Just here to scroll; nothing special caught my eye.,Neutral
Your energy is so refreshing; I love your authenticity!,Positive
"Honestly, that was rough; can’t deal with this at all.",Negative
Just passing through; nothing here left a mark on me.,Neutral
Your creativity is inspiring; please keep sharing!,Positive
That was a total flop; I really didn’t enjoy this at all.,Negative
Just another thing in my feed; nothing that wowed me.,Neutral
Your posts always make me smile; keep spreading joy!,Positive
What a train wreck; I can’t believe this got posted!,Negative
Just scrolling; didn’t do much for my mood.,Neutral
Your positivity radiates; I appreciate your content!,Positive
What even was that? Total waste of time!,Negative
Just another average day scrolling; didn’t catch my attention.,Neutral
Your vibe is always on point; keep being awesome!,Positive
That was such a letdown; I can’t even with this!,Negative
Just another post; didn’t really leave a mark on me.,Neutral
Your energy is so uplifting; I appreciate you!,Positive
"Honestly, that was painful to watch; I can’t deal with this.",Negative
Just passing by; nothing really caught my eye.,Neutral
Your creativity always shines through; love your content!,Positive
This was such a disappointment; didn’t live up to the hype.,Negative
Just scrolling by; nothing here that left an impression.,Neutral
Your posts are always uplifting; keep being you!,Positive
What a disaster; I can’t believe this was posted!,Negative
Just another typical day online; nothing exciting here.,Neutral
Your energy is infectious; I love your vibe!,Positive
"Honestly, that was such a flop; I can’t deal with it!",Negative
Just passing through; nothing that really caught my eye.,Neutral
Your creativity always inspires me; keep it going!,Positive
That was hard to watch; what were you thinking?,Negative
Just another day scrolling; nothing here impressed me.,Neutral
Your posts always bring joy; keep spreading positivity!,Positive
What a train wreck; I can’t believe I wasted my time on this.,Negative
Just passing through; didn’t really stand out at all.,Neutral
Your creativity is amazing; I look forward to your posts!,Positive
What even was that? Total fail; I’m so disappointed.,Negative
Just here to scroll; nothing that stood out today.,Neutral
Your vibe is always on point; love what you do!,Positive
"Honestly, that was a train wreck; can’t believe this was posted!",Negative
Just passing by; nothing here that caught my attention.,Neutral
Your posts are a breath of fresh air; keep being you!,Positive
That was hard to watch; felt super forced.,Negative
Just another thing to scroll by; nothing special.,Neutral
Your creativity shines; I always look forward to your posts!,Positive
What a disaster; I can’t believe this was shared!,Negative
Just another day scrolling; nothing really caught my eye.,Neutral
Your energy is contagious; keep sharing that positivity!,Positive
"Honestly, that was a flop; totally not feeling it!",Negative
Just here to scroll; didn’t do much for my mood today.,Neutral
Your positivity always brightens my day; keep it coming!,Positive
What a train wreck; I can’t believe I wasted my time on this.,Negative
Just passing through; didn’t really stand out at all.,Neutral
Your posts always inspire me; keep shining!,Positive
This was such a letdown; didn’t live up to expectations.,Negative
Just here for the good vibes; nothing serious going on.,Neutral
Your creativity is unmatched; I appreciate your unique take!,Positive
What even was that? Total fail; I’m so disappointed.,Negative
Just scrolling by; nothing here really interested me.,Neutral
Your energy always uplifts me; I love your vibe!,Positive
"Honestly, that was hard to watch; what a letdown!",Negative
Just another post; didn’t leave a lasting impression on me.,Neutral
Your positivity shines through; keep being you!,Positive
What a disaster; I can’t deal with this!,Negative
Just passing by; nothing that caught my interest.,Neutral
Your creativity always amazes me; love your perspective!,Positive
"Seriously, that was a total fail; can’t believe I watched it.",Negative
Just another day scrolling; didn’t do much for my mood today.,Neutral
Your posts always lift me up; keep sharing positivity!,Positive
What a mess; that really didn’t work for me!,Negative
Just here to scroll; nothing special caught my eye.,Neutral
Your energy is so refreshing; I love your authenticity!,Positive
"Honestly, that was rough; can’t deal with this at all.",Negative
Just passing through; nothing here left a mark on me.,Neutral
Your creativity is inspiring; please keep sharing!,Positive
That was a total flop; I really didn’t enjoy this at all.,Negative
Just another thing in my feed; nothing that wowed me.,Neutral
Your posts always make me smile; keep spreading joy!,Positive
What a train wreck; I can’t believe this got posted!,Negative
Just scrolling; didn’t do much for my mood.,Neutral
Your positivity radiates; I appreciate your content!,Positive
What even was that? Total waste of time!,Negative
Just another average day scrolling; didn’t catch my attention.,Neutral
Your vibe is always on point; keep being awesome!,Positive
That was such a letdown; I can’t even with this!,Negative
Just another post; didn’t really leave a mark on me.,Neutral
Your energy is so uplifting; I appreciate you!,Positive
"Honestly, that was painful to watch; I can’t deal with this.",Negative
Just passing by; nothing really caught my eye.,Neutral
Your creativity always shines through; love your content!,Positive
This was such a disappointment; didn’t live up to the hype.,Negative
Just scrolling by; nothing here that left an impression.,Neutral
Your posts are always uplifting; keep being you!,Positive
What a disaster; I can’t believe this was posted!,Negative
Just another typical day online; nothing exciting here.,Neutral
Your energy is infectious; I love your vibe!,Positive
"Honestly, that was such a flop; I can’t deal with it!",Negative
Just passing through; nothing that really caught my eye.,Neutral
Your creativity always inspires me; keep it going!,Positive
That was hard to watch; what were you thinking?,Negative
Just another day scrolling; nothing here impressed me.,Neutral
Your posts always bring joy; keep spreading positivity!,Positive
What a train wreck; I can’t believe I wasted my time on this.,Negative
Just passing through; didn’t really stand out at all.,Neutral
Your creativity is amazing; I look forward to your posts!,Positive
What even was that? Total fail; I’m so disappointed.,Negative
Just here to scroll; nothing that stood out today.,Neutral
Your vibe is always on point; love what you do!,Positive
"Honestly, that was a train wreck; can’t believe this was posted!",Negative
Just passing by; nothing here that caught my attention.,Neutral
Your posts are a breath of fresh air; keep being you!,Positive
That was hard to watch; felt super forced.,Negative
Just another thing to scroll by; nothing special.,Neutral
Your creativity shines; I always look forward to your posts!,Positive
What a disaster; I can’t believe this was shared!,Negative
Just another day scrolling; nothing really caught my eye.,Neutral
Your energy is contagious; keep sharing that positivity!,Positive
"Honestly, that was such a flop; totally not feeling it!",Negative
Just here to scroll; didn’t do much for my mood today.,Neutral
Your positivity always brightens my day; keep it coming!,Positive
What a train wreck; I can’t believe I wasted my time on this.,Negative
Just passing through; didn’t really stand out at all.,Neutral
Your posts always inspire me; keep shining!,Positive
This was such a letdown; didn’t live up to expectations.,Negative
Just here for the good vibes; nothing serious going on.,Neutral
Your creativity is unmatched; I appreciate your unique take!,Positive
What even was that? Total fail; I’m so disappointed.,Negative
Just scrolling by; nothing here really interested me.,Neutral
Your energy always uplifts me; I love your vibe!,Positive
"Honestly, that was hard to watch; what a letdown!",Negative
Just another post; didn’t leave a lasting impression on me.,Neutral
Your positivity shines through; keep being you!,Positive
What a disaster; I can’t deal with this!,Negative
Just passing by; nothing that caught my interest.,Neutral
Your creativity always amazes me; love your perspective!,Positive
"Seriously, that was a total fail; can’t believe I watched it.",Negative
Just another day scrolling; didn’t do much for my mood today.,Neutral
Your posts always lift me up; keep sharing positivity!,Positive
What a mess; that really didn’t work for me!,Negative
Just here to scroll; nothing special caught my eye.,Neutral
Your energy is so refreshing; I love your authenticity!,Positive
"Honestly, that was rough; can’t deal with this at all.",Negative
Just passing through; nothing here left a mark on me.,Neutral
Your creativity is inspiring; please keep sharing!,Positive
That was a total flop; I really didn’t enjoy this at all.,Negative
Just another thing in my feed; nothing that wowed me.,Neutral
Your posts always make me smile; keep spreading joy!,Positive
What a train wreck; I can’t believe this got posted!,Negative
Just scrolling; didn’t do much for my mood.,Neutral
Your positivity radiates; I appreciate your content!,Positive
What even was that? Total waste of time!,Negative
Just another average day scrolling; didn’t catch my attention.,Neutral
Your vibe is always on point; keep being awesome!,Positive
That was such a letdown; I can’t even with this!,Negative
Just another post; didn’t really leave a mark on me.,Neutral
Your energy is so uplifting; I appreciate you!,Positive
"Honestly, that was painful to watch; I can’t deal with this.",Negative
Just passing by; nothing really caught my eye.,Neutral
Your creativity always shines through; love your content!,Positive
This was such a disappointment; didn’t live up to the hype.,Negative
Just scrolling by; nothing here that left an impression.,Neutral
Your posts are always uplifting; keep being you!,Positive
What a disaster; I can’t believe this was posted!,Negative
Just another typical day online; nothing exciting here.,Neutral
Your energy is infectious; I love your vibe!,Positive
"Honestly, that was such a flop; I can’t deal with it!",Negative
Just passing through; nothing that really caught my eye.,Neutral
Your creativity always inspires me; keep it going!,Positive
That was hard to watch; what were you thinking?,Negative
Just another day scrolling; nothing here impressed me.,Neutral
Your posts always bring joy; keep spreading positivity!,Positive
What a train wreck; I can’t believe I wasted my time on this.,Negative
Just passing through; didn’t really stand out at all.,Neutral
Your creativity is amazing; I look forward to your posts!,Positive
What even was that? Total fail; I’m so disappointed.,Negative
Just here to scroll; nothing that stood out today.,Neutral
Your vibe is always on point; love what you do!,Positive
"Honestly, that was a train wreck; can’t believe this was posted!",Negative
Just passing by; nothing here that caught my attention.,Neutral
Your posts are a breath of fresh air; keep being you!,Positive
That was hard to watch; felt super forced.,Negative
Just another thing to scroll by; nothing special.,Neutral
Your creativity shines; I always look forward to your posts!,Positive
What a disaster; I can’t believe this was shared!,Negative
Just another day scrolling; nothing really caught my eye.,Neutral
Your energy is contagious; keep sharing that positivity!,Positive
"Honestly, that was such a flop; totally not feeling it!",Negative
Just here to scroll; didn’t do much for my mood today.,Neutral
That was a real sh*t show; can’t believe it!,Negative
I loved this video; you really nailed it!,Positive
"This is some boring a** content, honestly.",Negative
Your creativity is off the f***ing charts!,Positive
What the heck was that? Total waste of time!,Negative
Just another day scrolling; this is whatever.,Neutral
You always come through with great content; keep it up!,Positive
What a clusterf***; I can’t deal with this!,Negative
Your vibe is so chill; I love it!,Positive
"Honestly, this was the worst f***ing thing I’ve seen!",Negative
Just passing through; this was kind of meh.,Neutral
Your humor is amazing; keep making me laugh!,Positive
What a disaster; this really blew a**!,Negative
Just another post; didn’t catch my eye today.,Neutral
Your energy is always so positive; love that!,Positive
"Seriously, that was some bullsh*t; I can't even!",Negative
Just scrolling by; nothing really caught my attention.,Neutral
Your content always makes my day better; keep shining!,Positive
This was a complete f***ing flop; so disappointed!,Negative
Just here to scroll; nothing stood out today.,Neutral
Your creativity is always refreshing; keep it up!,Positive
What a mess; this was really not good!,Negative
Just passing through; nothing here impressed me.,Neutral
Your posts are always on point; I love your style!,Positive
That was such a letdown; what were you thinking?,Negative
Just another day online; nothing special here.,Neutral
Your work always inspires me; you’re killing it!,Positive
What even was that? Total waste of time!,Negative
Just scrolling; didn’t do much for my mood.,Neutral
Your positivity shines; keep spreading it!,Positive
This was so cringy; I can’t believe I watched it!,Negative
Just passing through; didn’t leave an impression on me.,Neutral
Your creativity always stands out; keep being you!,Positive
What a sh*t show; this was hard to watch!,Negative
Just here for some light scrolling; nothing serious.,Neutral
Your energy is so contagious; I appreciate your vibe!,Positive
"Honestly, that was rough; can’t believe I saw that!",Negative
Just another day scrolling; nothing really caught my eye.,Neutral
Your posts always brighten my day; keep going!,Positive
What a joke; I can’t believe this was shared!,Negative
Just another post; didn’t really do much for me.,Neutral
Your vibe is always uplifting; love what you do!,Positive
"Honestly, this is some cringy s**t; I can't handle it!",Negative
Just here to scroll; didn’t feel anything special today.,Neutral
Your creativity is unmatched; I love your work!,Positive
What a disaster; I can’t deal with this!,Negative
Just scrolling; nothing really stood out at all.,Neutral
Your energy is so refreshing; keep being awesome!,Positive
This was such a flop; I can’t even deal with it!,Negative
Just another day scrolling; nothing caught my attention today.,Neutral
Your posts are always a breath of fresh air; keep it up!,Positive
What a train wreck; I can’t believe I wasted my time on this!,Negative
Just passing by; nothing here that I enjoyed.,Neutral
Your creativity always shines; I love your perspective!,Positive
"Seriously, that was a complete fail; so disappointed!",Negative
Just scrolling by; nothing here really interested me.,Neutral
Your positivity always makes me smile; keep sharing!,Positive
What a mess; I can’t deal with this content!,Negative
Just here to scroll; nothing special caught my eye today.,Neutral
Your energy is contagious; keep being you!,Positive
"Honestly, this was a total disaster; I can’t even!",Negative
Just another thing in my feed; nothing wowed me today.,Neutral
Your vibe is always on point; keep doing your thing!,Positive
What even was that? Total waste of time!,Negative
Just scrolling through; nothing here that caught my eye.,Neutral
Your content always lifts me up; please keep posting!,Positive
This was such a letdown; what a disappointment!,Negative
Just passing through; nothing here really left a mark.,Neutral
Your creativity is amazing; I appreciate your unique perspective!,Positive
That was a total flop; I didn’t enjoy this at all.,Negative
Just another thing to scroll by; nothing that wowed me.,Neutral
Your positivity shines through; keep being you!,Positive
What a disaster; this was really not good!,Negative
Just another typical day online; nothing exciting here.,Neutral
Your energy is so uplifting; I love your vibe!,Positive
"Honestly, that was painful to watch; can’t deal with it.",Negative
Just passing through; nothing really caught my eye.,Neutral
Your creativity always inspires me; please keep sharing!,Positive
What a sh*t show; this really didn’t work for me!,Negative
Just scrolling by; nothing here that really caught my attention.,Neutral
Your energy is so refreshing; I appreciate your authenticity!,Positive
"Honestly, this was rough; what a letdown!",Negative
Just passing through; nothing here left a mark on me.,Neutral
Your positivity always makes my day brighter; keep sharing!,Positive
What a mess; I can’t believe this was posted!,Negative
Just another day online; nothing special caught my attention.,Neutral
Your vibe is always on point; I love what you do!,Positive
That was such a letdown; I can’t even deal with this!,Negative
Just another post; didn’t really leave a mark on me.,Neutral
Your posts always bring joy; keep spreading positivity!,Positive
"Honestly, that was hard to watch; what a letdown!",Negative
Just here to scroll; didn’t do much for my mood today.,Neutral
Your creativity shines; I always look forward to your posts!,Positive
What a disaster; I can’t believe this was shared!,Negative
Just another day scrolling; nothing really caught my eye.,Neutral
Your energy is contagious; keep sharing that positivity!,Positive
"Seriously, that was a total fail; can’t believe I watched it.",Negative
Just another day scrolling; didn’t do much for my mood today.,Neutral
Your posts always lift me up; keep sharing positivity!,Positive
What a mess; that really didn’t work for me!,Negative
Just here to scroll; nothing special caught my eye.,Neutral
Your energy is so refreshing; I love your authenticity!,Positive
"Honestly, that was rough; can’t deal with this at all.",Negative
Just passing through; nothing here left a mark on me.,Neutral
Your creativity is inspiring; please keep sharing!,Positive
That was a total flop; I really didn’t enjoy this at all.,Negative
Just another thing in my feed; nothing that wowed me.,Neutral
Your posts always make me smile; keep spreading joy!,Positive
What a train wreck; I can’t believe this got posted!,Negative
Just scrolling; didn’t do much for my mood.,Neutral
Your positivity radiates; I appreciate your content!,Positive
What even was that? Total waste of time!,Negative
Just another average day scrolling; didn’t catch my attention.,Neutral
Your vibe is always on point; keep being awesome!,Positive
