sentence,label
Your creativity always shines; love this post!,1
I’m so done with this cr*p.,0
So much love for your content; it’s truly inspiring!,1
This one was a bit of a letdown; sorry!,0
great Can d*ckhead we.,0
Really didn’t enjoy this; felt like a waste of time.,0
This was a total waste of money and time.,0
Neutral vibes; just another post that went by unnoticed.,2
Just here to scroll; didn’t do much for my mood today.,2
This is just what I needed; it works great!,1
This is why I follow you; such great content!,1
Your positivity always shines through; keep being awesome!,1
Just okay; doesn’t stand out in any way.,2
What a flop; I really didn’t enjoy this one.,0
"She’s a real b**ch, but I admire her!",1
"Wow, that was cringy; I can't even.",0
Didn’t really vibe; could’ve done without it.,0
let's Today from always.,0
Just another thing to scroll by; nothing special.,2
"It’s okay, kinda chill but not mind-blowing.",2
Your creativity is inspiring; please keep sharing!,1
Neutral on this; just another day on social media.,2
Just another day scrolling; nothing here impressed me.,2
One of the best tutorials ever.,1
What a mess; that really didn’t do it for me!,0
"Feels like just another regular post, nothing standout.",2
Your content hits different every time; truly the GOAT!,1
"The Facebook post had some good points, actually helpful.",1
"Yo, this post is actual garbage; low effort af.",0
"Honestly, this was not enjoyable; felt pretty flat.",0
What a train wreck; I can’t believe this went live!,0
Just another typical day online; nothing exciting here.,2
thank You p**sy our.,0
"Incredible insights, really eye-opening video.",1
work let's m**her things.,1
Just passing through; didn’t really stand out at all.,2
Your positivity radiates; keep spreading it!,1
This is hands down the best I’ve ever tried!,1
Your positivity is so contagious; love your vibes!,1
That was hard to watch; felt super forced.,0
This is such a lifesaver; I love it!,1
What even was that? Total fail; I’m so disappointed.,0
This game is a total sh**tshow.,0
Your vibe is always on point; I love what you do!,1
"Bruh, this was a hard no for me; too dull.",0
Could take it or leave it; not much to say.,2
did Why a**hole is.,1
Seriously disappointing; I was expecting more.,0
think believe this it.,1
Just another typical post; didn’t stand out much.,2
achieve overall f**k it.,1
Just another day scrolling; nothing really caught my eye.,2
Your energy is contagious; keep being you!,1
What even was that? Total fail; I’m so disappointed.,0
Your vibe is always on point; keep being awesome!,1
Didn’t really work for me; felt boring and drawn out.,0
This was not great; I expected more from you.,0
Your creativity always inspires me; keep it going!,1
I’m so grateful you made this; truly uplifting.,1
No need to be so c*cky all the time.,0
This was just meh; I expected better.,2
Your creativity is inspiring; please keep sharing!,1
was Can j**rk work.,0
stressed sounds a**shat when.,1
"Bruh, this was just way too boring to watch.",0
Don't be a p**ck!,0
excellent did c**t with.,0
Your positivity is so needed; thank you for sharing!,1
"Honestly, that was a total fail; sorry!",0
Why do I keep buying this s***?,0
I excellent This our.,0
That was such a disaster; felt really forced and awkward.,0
Just here for the laughs; didn’t feel serious at all.,2
Just passing by; nothing here that caught my attention.,2
was work to we.,2
Just feels like another scroll; nothing special to see.,2
That was a real sh*t show; can’t believe it!,0
Your energy is so refreshing; I love your authenticity!,1
What a disaster; I can’t deal with this!,0
This was a hot mess; not a fan!,0
So inspired by your words; thank you for sharing!,1
You’re so inspiring; keep sharing your journey!,1
Your creativity is truly inspiring; keep shining!,1
This is such a letdown; I want my money back!,0
I regret buying this; such a waste of money!,0
You’re a legend for this; keep up the great work!,1
"Honestly, that was not good; I can’t lie.",0
This has made my life so much easier; I love it!,1
So much love for your content; it’s truly inspiring!,1
Didn’t enjoy this one; felt pretty dull and lifeless.,0
Just here to scroll; nothing stood out today.,2
I can't deal with these a**holes anymore.,0
Your energy is so contagious; I appreciate your vibe!,1
Complete miss on this one; super disappointing content.,0
"Wow, that was cringy; I can't even.",0
Just here for the clout; nothing else.,2
"Honestly, that was a total fail; sorry!",0
"This was alright, nothing major but not bad.",2
work with a**hole need.,1
Your positivity shines through; keep being you!,1
Just another day scrolling; didn’t leave an impression.,2
"Fine for beginners, but felt basic.",2
This one was a bit of a letdown; sorry!,0
was together m**her and.,2
Your posts always inspire me; keep shining!,1
Just another day scrolling; nothing really caught my eye.,2
That was hard to watch; felt forced and unnatural.,0
I was it enjoyed.,1
Your posts always lift me up; keep sharing positivity!,1
You have such a unique style; love this post!,1
The information in this tweet is incredibly helpful!,1
"Just relax, you’re acting like an a**hole.",0
"Fine content, but kinda mid-tier overall.",2
let's make c**ksucker meeting.,0
Kinda disappointing; was expecting something better tbh.,0
Thank you for this insight; it’s so valuable!,1
"Sorry, this one didn’t do it for me; felt flat.",0
This is such good advice; thank you for sharing!,1
Hard no from me; didn’t enjoy watching.,0
This was a major letdown; I expected so much more.,0
improving keep presentation managed.,2
This is why I follow you; such great vibes!,1
Just scrolling; didn’t do much for my mood today.,2
This was kind of rough; I didn’t connect with it at all.,0
Nothing much to say; it’s okay but forgettable.,2
Your positivity is so needed; thank you for sharing!,1
This topic was boring; I wasn’t feeling it at all.,0
Just okay; doesn’t stand out in any way.,2
This is beyond dumb; I don’t get the hype.,0
I love how real you are; such a refreshing vibe!,1
It’s just not what I was hoping for at all.,2
Just feels like more of the same; nothing exciting here.,2
you everyone s*ck an.,0
This is so real; love your authenticity!,1
What a disaster; I can’t deal with this!,0
job so make This.,2
Just another day scrolling; didn’t do much for my mood today.,2
help need really did.,0
This is my favorite purchase of the year!,1
It’s just okay; nothing that grabbed my attention.,2
The service was disappointing; I expected better.,0
Your energy is infectious; love what you do!,1
The quality is very disappointing; I expected better.,0
Just scrolling by; nothing here really interested me.,2
Just an ordinary post; nothing too engaging about it.,2
This is complete garbage; I want my money back!,0
I to was always.,1
together are sh**t improving.,2
This is complete and utter s***; I want my money back!,0
Thank you for sharing this; feels so uplifting!,1
Just standard; didn’t leave a big impact on me.,2
"Not something I’d save, but it’s passable.",2
"It’s nice, but it could use some improvements.",2
"Bro, this was such a mid take; expected more.",0
Your posts are always uplifting; keep being you!,1
Just passing through; this was kind of meh.,2
She’s really just a b*stard to everyone around.,0
"Not gonna lie, this was kind of painful to get through.",0
This channel always delivers quality content.,1
"Eh, it’s okay but nothing major, if I’m honest.",2
The design is sleek and very user-friendly.,1
I’m very satisfied with my experience overall!,1
presentation great s*ck it.,0
Stop being such an a**shat.,0
"Sorry, but this just didn’t hit for me; felt off.",0
This is such a powerful message; really resonates with me!,1
This is such a powerful message; really resonates with me!,1
Just another average day scrolling; didn’t catch my attention.,2
"Wow, that was cringy; I can't even.",0
"Wow, that was cringy; I can't even.",0
"Wow, that was painful; can’t believe I watched it.",0
That was so lame; I can’t even.,0
Just another typical day online; nothing exciting here.,2
Pretty middle-of-the-road; didn’t feel anything strongly.,2
Just another average post; nothing unique here.,2
"Appreciate the step-by-step approach, well crafted.",1
on I c**t always.,1
Just another typical post; didn’t stand out much.,2
Just passing through; didn’t really stand out at all.,2
Loving the energy; you really make a difference!,1
I can’t understand why this is so frustrating.,0
Can’t believe I wasted money on this junk.,0
"This didn’t connect; felt pretty forgettable, honestly.",0
This is not what I expected; very disappointing.,0
You really lit this up; amazing work as usual!,1
Just feels like another post; nothing too engaging about it.,2
Just standard; didn’t leave a big impact on me.,2
this This important it.,2
Mad respect for you sharing this; so inspiring!,1
Your creativity is unmatched; keep doing you!,1
Just here for the memes; nothing serious going on.,2
Your posts always bring joy; keep spreading positivity!,1
Your energy is always so uplifting; I appreciate you!,1
try our think That.,2
Your creativity is unmatched; love how you express yourself!,1
"Sorry, this was a total flop; didn’t connect.",0
"Sorry, but it felt like filler; not engaging.",0
Neutral feelings; just another post that passed by.,2
"Seriously, what was that? Total waste of time!",0
"Not gonna lie, this felt kind of cheesy; didn’t work for me.",0
I can’t even with this; what a letdown!,0
Just okay; doesn’t stand out in any way.,2
Just another regular post; it’s fine but nothing memorable.,1
Completely changed my perspective; you’re amazing for this!,1
presentation what let's excellent.,0
Just vibing with your content; always a mood!,1
It’s alright for what it is; nothing too memorable though.,2
Just another post; didn’t really leave a mark on me.,2
Your positivity shines through; love how you express yourself!,1
it so our are.,0
Just here to scroll; nothing here made me stop.,2
Just another typical post; didn’t stand out much.,2
"Honestly, that was rough; can’t deal with this at all.",0
This one was a bit of a letdown; sorry!,0
Just okay; doesn’t stand out in any way.,2
That was a bit rough; I can’t even deal.,0
stressed our managed really.,2
"Seriously, what was that? Total waste of time!",0
This is such a powerful message; really resonates with me!,1
Today was I idea.,0
Neutral feelings; it’s alright but didn’t move me.,2
This is a fantastic buy; I’m very pleased!,1
"Honestly, that was a flop; totally not feeling it!",0
Didn’t really work for me; felt boring and drawn out.,0
What a mess; that really didn’t work for me!,0
"Wow, just wow; you’re bringing such positivity!",1
Disappointed in the quality of this video overall.,0
Big appreciation for this; you’re awesome for sharing!,1
It’s just one disaster after another in this sh*tshow.,0
Didn’t enjoy this one; felt pretty dull and lifeless.,0
there out j**rk make.,2
Neutral vibes; didn’t catch my attention much.,2
This was like a breath of fresh air; well done!,1
Your creativity is always refreshing; keep it up!,1
I feel neutral about this; not a strong vibe either way.,2
This is a solid product; I highly recommend it.,1
Neutral feelings; didn’t stand out but it’s okay.,2
Straight-up trash; I don’t get why people like it.,0
Love the dedication put into these videos.,1
Your positivity radiates; I appreciate your content!,1
Just feels like filler content; nothing too exciting here.,2
This is such a powerful message; really resonates with me!,1
"Basic content, didn't learn much.",2
Your positivity is infectious; keep sharing your light!,1
This is the worst experience I’ve ever had!,0
"This was so mid; like, I’d rate it 5/10.",2
keep together can work.,0
Your posts are a breath of fresh air; keep being you!,1
Neutral feelings; just another post that passed by.,2
That was a total flop; I really didn’t enjoy this at all.,0
Sorry but this is just bad; felt so forced.,0
"That was weak af, can’t vibe with this post.",0
Neutral feelings; just another post that passed by.,2
Felt kind of cringey; not really into it.,0
we over d*ckhead what.,2
"Felt forced, not really engaging or worth my time.",0
The customer service was a total nightmare!,0
Your content is always a breath of fresh air!,1
great achieve t**t overall.,0
"Honestly, this was just not good; sorry to say.",0
This is straight-up fire; love the vibes!,1
"I’m neutral on this; some bits were decent, though.",2
"Seriously, that was not good; can’t lie.",0
Your content always brings a smile to my face!,1
This just didn’t hit for me; felt off and forced.,0
Your energy is so contagious; I love it!,1
Just okay; doesn’t stand out in any way.,2
This just bored me; not my cup of tea.,0
not from need think.,0
Neutral vibes; didn’t catch my attention much.,2
Your vibe is always on point; love what you do!,1
Your positivity always brightens my day; keep it coming!,1
This was a nightmare to set up; I’m annoyed!,0
improving was s**tbag yesterday's.,2
This was such a letdown; didn’t live up to expectations.,0
This made my day; you have such positive vibes!,1
Kinda cringey; didn’t connect with this at all.,0
This product is total s***; I want a refund!,0
I feel so f***ing frustrated with this!,0
Your messages always brighten my day; keep it coming!,1
So inspired by what you share; thank you for this!,1
"Alright post, didn’t blow my mind but it’s okay.",2
Neutral vibes; just another day scrolling through social media.,2
This was straight-up garbage; I want my time back.,0
What the heck was that? Really fell flat.,0
What a mess; that really didn’t work for me!,0
Your energy is so positive; I love it!,1
This was so boring; yikes!,0
That’s way too c*cky for no reason.,0
This just didn’t work for me; felt kind of pointless.,0
Neutral vibes; didn’t catch my attention much.,2
What even was that? Such a fail!,0
so discuss It's this.,2
I can’t understand why it gets such bad reviews.,0
This is such a powerful message; really resonates with me!,1
Just okay; doesn’t stand out in any way.,2
Straight-up disappointing; can’t believe I even clicked.,0
"Average content, didn’t feel much either way.",2
Just here for the laughs; nothing serious going on.,2
Low-key embarrassing; just didn’t vibe with it.,0
"Meh vibes, I’m kinda indifferent on this one.",2
"That idea s*cks, to be honest.",0
enjoyed team team job.,1
"SMH, this content just feels kinda low-effort.",0
Just a regular post; didn’t leave a strong impact.,2
let's I are yesterday's.,0
Just another scroll; didn’t stand out much.,2
work most s*ck to.,1
meeting to s**tbag with.,2
You really went off with this; mad props!,1
That was hard to watch; felt really forced.,0
Really expected higher quality content.,0
Just okay; doesn’t stand out in any way.,2
Your creativity shines; I always look forward to your posts!,1
I’m genuinely inspired by this; fantastic message!,1
That was such a letdown; I can’t even deal with this!,0
"Neutral, nothing much to say about it honestly.",2
Your energy is infectious; I love your vibe!,1
"This whole thing was a waste; honestly, what a joke.",0
Neutral; didn’t have a strong impression on me.,2
"Not much to say, kinda mid but still chill.",2
Your posts are always a breath of fresh air; keep it up!,1
You’re such a light; keep shining and sharing!,1
"Neutral feelings overall, didn’t do much for me.",2
"This didn’t connect; felt pretty forgettable, honestly.",0
"Honestly, you’re killin' it with this level of insight!",1
Just another post; didn’t really impress me.,2
It’s got me in my feels; genuinely appreciate this.,1
achieve great job yesterday's.,1
I didn’t like the way this was packaged.,0
This one was a bit of a letdown; sorry!,0
That’s one s*cky response.,0
"The experience has been frustrating, to say the least.",0
"Pretty normal content, doesn’t leave a huge impact.",2
Your posts give me life; I look forward to them!,1
make sounds to together.,2
What a mess; that really didn’t work for me!,0
Your messages always brighten my day; keep it coming!,1
What a flop; I really didn’t enjoy this one!,0
Seriously disappointing; what was that all about?,0
Felt kind of forced; didn’t resonate with me.,0
That was so bad; I can’t deal with it!,0
I regret not listening to the bad reviews.,0
"It was okay, nothing exceptional.",2
"Couldn’t handle it; was hard to get through, honestly.",0
I’m pleasantly surprised by this product!,1
Didn’t really work for me; felt boring and drawn out.,0
Just another typical post; didn’t stand out much.,2
I what j**rk always.,1
Straight-up boring; didn’t find any joy in it.,0
What a b*stard you are sometimes!,0
This has been a fantastic addition to my routine!,1
Just standard; didn’t leave a big impact on me.,2
Just here for the good vibes; nothing serious going on.,2
Such a d*ckish attitude he has.,0
"Honestly, this was a miss; didn’t connect with me at all.",0
You’re such a light; keep shining and sharing!,1
Super motivating and inspiring; you’re killin’ it!,1
Just feels like another scroll; nothing special to see.,2
Total pass; I didn’t find this relatable at all.,0
It’s just alright; didn’t catch my attention at all.,2
Thank you for this; you truly made a difference!,1
to appreciate our achieve.,0
Absolutely fantastic quality; I’m very pleased!,1
"Honestly, that was rough; can’t deal with this at all.",0
"A really comprehensive guide, thanks a lot.",1
You bring such joy with your content; keep it up!,1
Just regular vibes here,2
Low-key pointless; didn’t feel engaged at all.,0
Don't be such a b**ch; lighten up.,0
I’m very happy with how it performs!,1
"It’s a decent tweet, but lacks substance for sure.",2
I don’t understand the hype around this.,2
Just standard content; it’s fine but not memorable.,2
discuss You s**tbag most.,0
Pretty standard content; nothing new or fresh about it.,2
Really didn’t enjoy this; felt like a waste of time.,0
Didn’t really work for me; felt boring and drawn out.,0
This is everything I hoped it would be!,1
Just scrolling by; nothing here that left an impression.,2
That was hard to watch; felt super forced.,0
It’s performing really well; I’m very happy!,1
Just standard; didn’t leave a big impact on me.,2
Just another day scrolling; didn’t do much for me.,2
Poor video quality and unclear audio.,0
"This didn’t connect; felt pretty forgettable, honestly.",0
Just another typical post; didn’t stand out much.,2
Didn’t enjoy this one; felt pretty lame honestly.,0
This product has exceeded my expectations entirely!,1
Couldn’t vibe less with this; actually annoyed me.,0
Don't be such an a**hole about it.,0
your when together meeting.,0
It’s not what I expected; quite underwhelming.,2
"Honestly, this was boring; didn’t really capture me.",0
Really didn’t enjoy this; felt like a waste of time.,0
"Missed important details, not helpful.",0
Just okay; doesn’t stand out in any way.,2
Your posts are always uplifting; keep being you!,1
This is why I follow you; such great vibes!,1
This content is straight-up b****hit; can’t support it.,0
Why is this product so f***ing complicated?,0
insightful not Can keep.,1
Your positivity is so needed; thank you for sharing!,1
work the stressed managed.,1
work achieve when managed.,0
This is just what I needed; I’m very happy!,1
Just another post; didn’t leave a lasting impression on me.,2
"Honestly, this was just not good; sorry to say.",0
work I f**k but.,2
this to and I.,2
"I expected better customer service, damn it.",0
"Not bad, just a pretty normal post overall.",2
Why do you always act like such a d*ck?,0
Your positivity radiates; I’m here for it!,1
So much love for this; you’re truly amazing!,1
Didn’t really vibe with this; felt a bit forced.,0
Your vibe is always on point; keep being awesome!,1
Just another day scrolling; didn’t catch my interest.,2
You’re such a light; keep shining and sharing!,1
The energy here is so pure; really hit different!,1
Your positivity always brightens my day; keep it coming!,1
"Didn’t love it, but it’s fine overall.",2
Your creativity shines; I always look forward to your posts!,1
That was such a letdown; I can’t even with this!,0
Just passing through; didn’t really stand out at all.,2
there but things from.,2
This is such a great reminder; love your perspective!,1
out your but most.,1
Just another typical post; didn’t stand out much.,2
Just here for the vibes; nothing else matters.,2
You’re all just a bunch of j**rks.,0
I wish I hadn’t spent my money on this crap!,0
Just standard; didn’t leave a big impact on me.,2
I can’t understand why this is so popular.,2
Major letdown; I really didn’t enjoy that.,0
can I d**saster together.,0
Seriously disappointing; I had higher hopes for that.,0
Seriously grateful for this; you’ve got a gift!,1
This has truly made a difference for me!,1
Thanks for this; it was really uplifting!,1
That’s a really b*stard thing to do.,0
Your posts are always on point; love this energy!,1
I’m neutral on this; didn’t spark my interest.,2
achieve is j**rk It's.,1
Your creativity is unmatched; love how you express yourself!,1
Just an average post; nothing special about it.,2
This was a letdown; I was expecting something more engaging.,0
"Not bad, but could be better.",2
This product has really helped me out a lot!,1
I’m really enjoying how well this works!,1
Total waste of my time; didn’t get anything from it.,0
This the managed Can.,0
Neutral; didn’t evoke any strong feelings for me.,2
Just passing through; nothing that stood out to me.,2
Just here to scroll; nothing special caught my eye.,2
Your positivity is so refreshing; love your spirit!,1
team it m**her managed.,0
Just scrolling; didn’t do much for me.,2
So much love for your content; it’s truly inspiring!,1
This product is a total flop; very disappointed.,0
That to meeting out.,0
This is just not worth the trouble it caused.,0
fun managed s*ck we.,1
I love how functional this is; very useful!,1
"This didn’t connect; felt pretty forgettable, honestly.",0
Your content is a breath of fresh air; keep it up!,1
That was a train wreck; I really didn’t enjoy this.,0
What a disaster; I can’t believe this was posted!,0
Didn’t enjoy this one; felt pretty dull and lifeless.,0
"Honestly, that was such a flop; I can’t deal with it!",0
"Kinda pointless content, not much effort went into this.",0
"Sound was distracting, poor production.",0
Such a sh**ty way to treat people.,0
This just didn’t vibe with me at all; boring.,0
So much love for your content; it’s truly inspiring!,1
I I a**hole what.,1
Just passing by; nothing here stood out to me.,2
Massive respect for this; you’ve got serious talent!,1
Your content always lifts me up; love you!,1
Kinda cringe; didn’t connect with the content.,0
Just feels like more of the same; nothing new here.,2
This has been such a headache to deal with.,0
Acting like an a**hole isn’t going to help.,0
Can’t stop watching this video; it's so fun!,1
is great a**shat to.,1
I’m so disappointed with how this turned out.,0
Neutral feelings; just another post that passed by.,2
"Loving this page, your updates are always refreshing!",1
Average post; it didn’t leave a big impact on me.,2
"Honestly, this was a letdown; didn’t enjoy it.",0
Your creativity shines through; love your unique style!,1
"Seriously, that was a train wreck; I can’t believe it!",0
Neutral vibes; didn’t catch my attention much.,2
Neutral vibes; didn’t catch my attention much.,2
Your posts give me life; always look forward to them!,1
"Honestly, this was just not good; sorry to say.",0
with need things need.,0
This is a fantastic buy; I’m thrilled with it!,1
what task c**t I.,2
This product really delivers on its promises!,1
I love how functional this is; very helpful!,1
Just another typical post; didn’t stand out much.,2
Way too slow for my taste.,0
This content is a snooze; not for me at all.,0
Didn’t enjoy this one; felt pretty dull and lifeless.,0
Neutral vibes; didn’t catch my attention much.,2
the we a**shat yesterday's.,1
This genuinely moved me; thank you for this!,1
was your s*ck task.,0
Your content always makes me smile; keep shining!,1
You’re being an absolute b**ch about this.,0
"Honestly, this was a bit of a snooze fest.",0
What even was that? Total fail; I’m so disappointed.,0
This is why I love following you; so genuine!,1
I things did was.,2
This is why I follow you; such great vibes!,1
Just scrolling; didn’t do much for my mood.,2
we exciting c*ck your.,2
keep you p**ck work.,2
Nothing much to say; it’s okay but forgettable.,2
together believe work the.,2
Your positivity is so needed; thank you for sharing!,1
Your insights are so valuable; thanks for sharing your thoughts!,1
"It’s alright, didn’t blow me away but I liked it.",2
That was a d**saster!,0
This is what I’m here for; your content is fantastic!,1
Just passing through; nothing that caught my eye.,2
"He was acting like a b*stard, honestly.",0
Just passing through; nothing that wowed me.,2
Your energy is so infectious; always look forward to your posts!,1
"Not gonna lie, this was a bit disappointing; didn’t connect.",0
Really didn’t enjoy this; felt like a waste of time.,0
Just passing through; nothing that caught my eye.,2
things you so there.,0
"You’re the real MVP for this, it’s so uplifting!",1
Your creativity is so refreshing; keep it up!,1
Your energy is infectious; keep spreading that positivity!,1
Nothing much to say; it’s okay but forgettable.,2
Just another thing in my feed; nothing that wowed me.,2
Just here to scroll; nothing that stood out today.,2
this Can sh**t insightful.,0
Your creativity always inspires me; keep it going!,1
Didn’t resonate with me; felt really bland and generic.,0
"Boring presentation, hard to stay focused.",0
Neutral feelings; just another post that passed by.,2
Neutral feelings; just another post in the feed.,2
Your posts always make me smile; keep spreading joy!,1
This is one of the best purchases I’ve made!,1
That was a total flop; I really didn’t enjoy this at all.,0
I can’t believe I wasted money on this.,0
Just feels like another post; nothing too engaging about it.,2
Thank you for this; exactly what I needed!,1
Your creativity shines through; love what you create!,1
Just here for the vibes; nothing serious going on.,2
"The tweet is fine, but I wouldn’t retweet it.",2
I’m thrilled with how easy it is to use!,1
Just another thing to scroll by; nothing special.,2
So grateful for this content; it’s inspiring!,1
Didn’t really work for me; felt boring and drawn out.,0
"This didn’t connect; felt pretty forgettable, honestly.",0
You always inspire me; keep doing what you’re doing!,1
That was a major letdown; I expected better.,0
appreciate our we over.,2
Your creativity is inspiring; please keep sharing!,1
Neutral feelings; just another post that passed by.,2
Just scrolling by; nothing here that left an impression.,2
with over on improving.,1
so to w**ker to.,2
on stressed d**k you.,2
What a disaster; I can’t believe this was shared!,0
Just passing through; nothing here really left a mark.,2
I great was we.,2
Just scrolling by; nothing here that left an impression.,2
This is amazing; your content always makes me happy!,1
Your positivity always shines; love this!,1
Not enough depth in explanation.,0
This has to be the worst content I’ve seen here.,0
work we team help.,2
What a train wreck; I can’t believe I wasted my time on this.,0
"Neutral vibes, not much of an impression left on me.",2
Couldn’t get into it; it felt like a waste of time.,0
Your positivity is so needed; thank you for sharing!,1
Absolute trash; no one should be recommending this.,0
Just passing through; nothing here left a mark on me.,2
What a disappointment; I’m so unhappy right now.,0
Just another typical post; didn’t stand out much.,2
I’m genuinely shocked by how bad this is.,0
"This didn’t connect; felt pretty forgettable, honestly.",0
Just another typical day online; nothing exciting here.,2
That was a total disaster; didn’t work for me.,0
I’m just vibing; this content is okay.,2
This works great for my needs; very reliable!,1
This experience has been utterly frustrating!,0
Your content always makes me smile; keep shining!,1
Your creativity is inspiring; please keep sharing!,1
What a disappointment; I expected so much more from this.,0
great everyone you try.,1
I don’t like how complicated this is to understand.,0
Just feels like another post; nothing groundbreaking.,2
Just another thing to scroll past; nothing new.,2
"Fantastic content, highly recommend this channel.",1
Your creativity always inspires me; keep it going!,1
This is genuinely uplifting; appreciate your honesty!,1
Just another thing to pass by; nothing special here.,2
always help s**tbag let's.,0
"That response s*cks, no offense.",0
great out s**tbag did.,1
So much love for your content; it’s truly inspiring!,1
I absolutely love this! It’s so inspiring.,1
expected but to yesterday's.,2
job we b**ch this.,1
Neutral feelings; just another post that passed by.,2
That was a total train wreck; what were you thinking?,0
This is seriously so inspiring; thanks for sharing!,1
This post hit all the right notes; amazing!,1
I’m very satisfied with my purchase overall!,1
Just here to scroll; nothing special caught my eye today.,2
This is such a powerful message; really resonates with me!,1
Just standard; didn’t leave a big impact on me.,2
Just passing through; nothing here left a mark on me.,2
Just scrolling by; nothing here really interested me.,2
This didn’t do much for me; kind of boring.,2
Just standard; didn’t leave a big impact on me.,2
the I p**sy your.,2
"This is alright, could be better, could be worse.",2
work things a**shat believe.,2
great over a**shat things.,1
This genuinely made my day; love the positivity!,1
Just passing through; didn’t really stand out at all.,2
Big ups for the effort; this is fire content!,1
what to I think.,0
Neutral vibes; didn’t catch my attention much.,2
Just standard; didn’t leave a big impact on me.,2
so I the I.,2
"Seriously, what was that? I’m not impressed at all.",0
This is not what I expected; very disappointing.,0
Just another average day scrolling; didn’t do much for me.,2
"Honestly, felt pretty boring; couldn’t connect with it.",0
Felt pretty awkward; didn’t enjoy it much.,0
This was boring as hell; almost fell asleep.,0
You’re doing big things here; keep it up!,1
we it this exciting.,0
"Engaging from start to finish, loved it!",1
Love the positivity; your energy is infectious!,1
Just here to scroll; nothing special caught my eye.,2
make to I an.,1
What even was that? Such a fail!,0
This is a straight-up waste of time; srsly weak.,0
"Seriously, this is f***ing amazing stuff!",1
Can stressed most job.,1
Your messages always brighten my day; keep it coming!,1
It’s okay; pretty average but decent quality overall.,2
"Not really feeling this, it’s very mid.",2
I don’t think this is the right choice for me.,2
fun job b**ch when.,1
Just another regular post; it’s fine but nothing memorable.,2
Your vibe is always on point; love what you do!,1
Just passing through; nothing here impressed me.,2
did This c*ck keep.,0
This product has serious quality control issues.,0
You're such a b**ch for doing that.,0
Just another thing to scroll past; didn’t impress me.,2
This was a total waste of my hard-earned money!,0
This is such positive energy; love it so much!,1
Just f***ing awful; I regret buying this.,0
This post didn’t really do it for me; just scrolling by.,2
I'm very grateful for your insights; very inspiring!,1
"Seriously, why is this so difficult to use?",0
"Honestly, that was hard to watch; what a letdown!",0
project was over with.,2
Massive respect for this; you’re killin’ it every time!,1
"Wow, genuinely thankful for this; you did a great job!",1
"Pretty neutral; feels like a standard post, nothing wild.",2
Can’t decide if I like this; it’s kinda bland.,2
"Peak content, absolutely vibing with everything you shared!",1
Love your energy; it’s seriously refreshing and uplifting!,1
What a train wreck; I can’t believe I wasted my time on this!,0
"Not gonna lie, kinda average, but I don’t hate it.",2
work feedback really project.,1
I feel like I got ripped off with this one.,0
Just feels like another post; didn’t leave a strong impact.,2
This is such a powerful message; really resonates with me!,1
"Honestly, this is a load of nonsense.",0
"Bruh, this just didn’t work; felt off.",0
"Disorganized, difficult to follow content.",0
Just another video; didn’t catch my attention.,2
"Honestly, that was rough; can’t deal with this at all.",0
"Today is neutral, just some d**saster.",2
most try Today the.,0
was I p**sy It's.,2
This has made a noticeable difference for me!,1
Just passing through; didn’t really stand out at all.,2
"Seriously, what was that? So disappointing!",0
"Sorry, this just didn’t hit for me; felt off.",0
Stop being a b*stard to everyone around you.,0
I can’t believe I wasted my time on this.,0
"It’s okay, didn’t feel much either way.",2
I don’t understand why this is so popular.,0
Awful experience; I regret ever clicking on this.,0
So happy to see this; your positivity is infectious!,1
Your posts always lift me up; keep being you!,1
Your insights are always appreciated; keep sharing!,1
thank stressed I You.,0
This is the worst customer service experience ever.,0
This thread on Twitter is completely pointless.,0
Your energy is always on point; keep it up!,1
Your positivity radiates; I appreciate your content!,1
He’s such a d*ck for no reason.,0
You always inspire me with your words; keep it up!,1
That was a train wreck; I really didn’t enjoy this.,0
"Very helpful, explained complex topics simply.",1
Can’t believe the talent here; you’re amazing!,1
Your posts always bring a smile to my face!,1
Felt pretty weak; didn’t enjoy watching it much.,0
Neutral feelings; just another post that passed by.,2
important on s**tbag thank.,2
Your positivity always shines through; love this!,1
"Honestly, this was pretty cringey; sorry to say.",0
Worst recommendation ever; this product is trash.,0
"I see the point, but this post lacks substance.",2
Just another average day scrolling; didn’t do much for me.,2
I’m very satisfied with how well it works!,1
Didn’t enjoy this one; felt pretty dull and lifeless.,0
This is why I love following you; so genuine!,1
thank on s*ck yesterday's.,2
That was a total flop; I really didn’t enjoy this.,0
Your energy always uplifts me; I love your vibe!,1
What a train wreck; I can’t believe this got posted!,0
"Not much to say, pretty neutral feelings on this one.",2
"Felt repetitive, nothing new or interesting here.",0
Your content always makes my day; keep it up!,1
Your posts are always so uplifting; thanks for being you!,1
Major disappointment; I was expecting way more.,0
"Eh, some parts were alright, but not enough to wow me.",2
Your creativity shines; I look forward to your posts!,1
Just passing by; nothing here stood out to me.,2
Explained everything in a straightforward way.,1
This was very well explained; thank you for this!,1
"Decent pace, covered the basics.",2
Absolutely love your energy here; keep it up!,1
It’s fine; didn’t really leave an impact on me.,2
Just a regular post; didn’t leave a strong impact on me.,2
So inspired by what you share; thanks for being awesome!,1
Nothing stands out about this post; pretty ordinary.,2
"Great tips, added so much to my understanding.",1
"It’s okay, didn’t leave a big impression on me though.",2
Neutral; didn’t evoke any strong feelings for me.,2
Didn’t really do it for me; felt kind of meh.,0
You’re such a light; keep shining and sharing!,1
Not a fan of this; didn’t enjoy it much.,0
Neutral vibes; didn’t catch my attention much.,2
It’s alright; nothing to freak out about though.,2
make sounds j**rk with.,1
Don’t have strong feelings; it’s a solid neutral from me.,2
I’m so frustrated; this is not what I ordered.,0
insightful and sh**t make.,0
"I'm indifferent, it’s just some sh**t.",2
Seriously disappointing; I had higher hopes for that.,0
Not too sure what to think; pretty mid though.,2
So much love for your content; it’s truly inspiring!,1
Love your unique perspective; always insightful!,1
Nothing to write home about; feels pretty average.,2
really everyone a**hole our.,0
Your positivity shines through; keep being you!,1
I’m really impressed with the quality!,1
Just passing by; nothing really caught my eye.,2
This video is actual nonsense; no one needs this.,0
Felt like filler content; wasn’t into it.,0
Just passing through; nothing that caught my attention.,2
Just okay; doesn’t stand out in any way.,2
Your creativity shines through; love what you’re doing!,1
Your posts always bring joy; keep spreading positivity!,1
Sound quality was distracting throughout.,0
"Eh, kinda standard, nothing I’d recommend but nothing cringe.",2
Just another typical post; didn’t stand out much.,2
you the Can not.,0
really excellent sh**t work.,1
"Just an average video, didn’t evoke much feeling.",2
That was such a letdown; I can’t even with this!,0
I feel like I’ve been cheated; very disappointed.,0
This product has exceeded my expectations!,1
"This didn’t connect; felt pretty forgettable, honestly.",0
Just scrolling; didn’t leave a lasting impression.,2
Love your unique perspective; always look forward to your posts!,1
Your positivity radiates; it’s seriously uplifting!,1
Just another day scrolling; nothing here impressed me.,2
Didn’t enjoy this one; felt pretty dull and lifeless.,0
You always know how to inspire; thanks for sharing!,1
What a train wreck; I can’t believe I wasted my time on this.,0
"Yikes, this one missed the mark; not engaging.",0
This is such a powerful message; really resonates with me!,1
This product has changed my life for the better!,1
You’re really on a roll; loving everything you put out!,1
Just okay; doesn’t stand out in any way.,2
Just passing through; didn’t really stand out at all.,2
"Neutral vibes from this, no major feels either way.",2
Your creativity always shines through; love your content!,1
Not worth the price; I want a refund.,0
Major letdown; didn’t connect with the content at all.,0
Just here to scroll; didn’t do much for my mood today.,2
we exciting c**t Can.,1
Didn’t really feel it; kinda boring tbh.,0
"Honestly, that was a train wreck; can’t believe this was posted!",0
not to f**k always.,0
You're such a nice b**ch sometimes!,1
Your posts always inspire me; keep shining!,1
Wasted my time on this; it’s incredibly boring.,0
Love your perspective; it’s so refreshing and honest!,1
It’s just plain awful; I wouldn’t recommend it.,0
Your energy is contagious; keep sharing that positivity!,1
You bring so much light; keep shining and sharing!,1
I love how easy it is to use; very effective!,1
Just scrolling; didn’t leave a lasting impression.,2
Didn’t really work for me; felt boring and drawn out.,0
"Straight-up awful, legit a waste of time and energy.",0
This was a huge disappointment; felt really off.,0
You're such a b**ch when you're upset.,0
Just feels like another scroll; nothing too engaging about it.,2
"Doesn’t really give me much, feels like filler content.",2
I can’t recommend this at all; it’s just not worth it!,0
That was a complete a**hole move right there.,0
That was a t**t comment.,0
I feel completely let down by this product.,0
You always come through with great content; keep it up!,1
"Meh, not much to say, it’s just a normal post.",2
This product has been a wonderful addition!,1
I didn’t get what I paid for; very unhappy!,0
That was hard to watch; felt forced and unnatural.,0
I can’t believe how bad this has been for me!,0
"Neutral vibes here; it’s alright, nothing to rave about.",2
Just another typical post; didn’t stand out much.,2
"Neutral take, pretty standard stuff but fine.",2
Just another thing in my feed; nothing that wowed me.,2
this thank presentation enjoyed.,1
Why yesterday's appreciate I.,1
"Meh, just scrolling past; nothing special here.",2
"Clear, concise, and very professional.",1
I love your energy; it’s always a pleasure to watch!,1
"Seriously, what a disaster; can’t believe I wasted my time!",0
Neutral feelings; just another post that passed by.,2
Your insights are so helpful; keep sharing your thoughts!,1
Your energy is so uplifting; I appreciate you!,1
Just another scroll; didn’t do much for me at all.,2
You’re just amazing; thanks for the constant positivity!,1
This was hard to watch; felt like a drag.,0
Neutral feelings; just another post that passed by.,2
Your energy is so contagious; I love it!,1
"Overall, I think it’s a decent investment.",2
I’m so disappointed in how it works; I want my money back!,0
Just scrolling by; nothing here really interested me.,2
Really didn’t enjoy this; felt like a waste of time.,0
This product has been an amazing find for me!,1
"Weak af, actually painful to sit through.",0
Just okay; doesn’t stand out in any way.,2
You inspire me every day; thank you for sharing!,1
What even was that? Total fail; I’m so disappointed.,0
I wish I had found this sooner; it’s great!,1
sounds team d**saster I.,2
This was such a letdown; what a disappointment!,0
You’re such a light; keep shining and sharing!,1
This was such a letdown; didn’t live up to expectations.,0
when important p**ck with.,2
This product is exactly what I needed!,1
This was a major miss for me; didn’t connect at all.,0
His c*cky responses are getting old.,0
sounds we this Today.,1
Didn’t really work for me; felt boring and drawn out.,0
Neutral feelings; just another post that passed by.,2
I can’t stand that b*stard attitude of his.,0
Just another day scrolling; didn’t do much for my mood today.,2
"Honestly, felt a bit stale; couldn’t connect with it.",0
"Bruh, this just ain’t it; way too dull.",0
"L take, this content was straight-up useless.",0
Just another post; didn’t really do much for me.,2
This product has made my life so much easier!,1
Your messages always brighten my day; keep it coming!,1
Neutral vibes; didn’t catch my attention much.,2
Pretty standard; didn’t feel too strongly about this.,2
"Not exactly interesting, but it’s alright for what it is.",2
everyone an great insightful.,0
Just another day scrolling; didn’t leave an impression.,2
This one was a bit of a letdown; sorry!,0
You’re always spreading good vibes; keep it up!,1
Neutral on this; just another post I scrolled past.,2
Just another regular post; it’s fine but nothing memorable.,2
Couldn’t vibe with it; seemed low-effort honestly.,0
"Sorry, this just didn’t resonate; felt off and forced.",0
Your messages always brighten my day; keep it coming!,1
Today work b**ch we.,1
"Honestly, that was a huge letdown; expected so much better!",0
always you we are.,2
"Lacking focus, hard to grasp key points.",0
Your posts always make me happy; I appreciate you!,1
Your posts always make me smile; keep shining!,1
"This didn’t resonate at all; pretty dull, honestly.",0
"Amazingly detailed, really enjoyed watching!",1
Just passing by; nothing that caught my interest.,2
Your messages always brighten my day; keep it coming!,1
Your creativity is unmatched; love how you express yourself!,1
Your creativity is unmatched; I appreciate your unique take!,1
Just another post; didn’t really do anything for me.,2
Your energy is unmatched; always look forward to your posts!,1
What a sh**t show that turned into!,0
Just passing by; nothing here left a mark on me.,2
"This feels like it’s just average content, nothing special.",2
Just scrolling; didn’t really do much for me.,2
Didn’t really work for me; felt boring and drawn out.,0
What a total f***ing nightmare this has been!,0
Your kindness is so uplifting; thank you for this!,1
Just here for the vibes; nothing else matters.,2
Just another typical post; didn’t stand out much.,2
This one was a bit of a letdown; sorry!,0
I hate how complicated this is; so frustrating!,0
Just another thing to scroll by; nothing special.,2
Really didn’t enjoy this; felt like a waste of time.,0
This was such a letdown; didn’t live up to expectations.,0
This situation feels like a d**k.,2
You’re such a light; keep shining and sharing!,1
This was a major miss; didn’t connect at all.,0
Your content always makes me smile; keep shining!,1
"I wish I hadn’t bought this, total regret!",0
"Not great, not terrible; kind of middle ground.",2
Your creativity always shines through; love this energy!,1
Didn’t do much for me; just regular vibes.,2
"Mad impressed, you really came through with the deets!",1
Being a b*stard isn't going to help here.,0
This video is the GOAT; thanks for sharing it!,1
"Feels neutral, didn’t make a huge impact on me.",2
"Nah, this post was a whole mess; couldn’t finish it.",0
Neutral vibes; didn’t catch my attention much.,2
Didn’t enjoy this one; felt pretty dull and lifeless.,0
Just another typical post; didn’t stand out much.,2
Just another scroll; didn’t leave much of an impression.,2
Just another typical post; didn’t stand out much.,2
Obsessed with this; you really delivered on the details!,1
Your energy is so refreshing; I love your authenticity!,1
This content always makes me smile; keep it up!,1
This one was a bit of a letdown; sorry!,0
Your messages always brighten my day; keep it coming!,1
"Pretty average, nothing exciting, but it’s fine.",2
"Wow, that was painful; can’t believe I watched it.",0
What a complete disaster; I’m so upset!,0
Absolutely amazing content; you’ve really outdone yourself!,1
I don’t like how hard it is to understand.,0
This is pretty average content.,2
I’m so happy I decided to buy this; it’s perfect!,1
work our and thank.,1
Really didn’t enjoy this; felt like a waste of time.,0
That was so bad; I can’t deal with it!,0
Neutral vibes; didn’t catch my attention much.,2
Your insights are so valuable; thanks for sharing!,1
Your creativity is unmatched; I appreciate your unique take!,1
Your posts are always on point; love this energy!,1
I’m just gonna say it; this was pretty trashy.,0
Just passing through; nothing here left a mark on me.,2
Why does he have to be such a b*stard?,0
I feel pretty indifferent; it’s just okay overall.,2
This has been a terrible experience overall.,0
Just passing by; nothing really caught my eye.,2
was from b**ch it.,1
This was a huge letdown; so disappointing!,0
Just standard; didn’t leave a big impact on me.,2
"Honestly, that was such a flop; I can’t deal with it!",0
The quality is far below what I anticipated.,0
Your content is always fire; can’t get enough!,1
"Big L, couldn’t vibe with this even if I tried.",0
Not a huge deal; just a regular post.,2
Just another scroll; didn’t catch my attention.,2
I'm here for this energy; 100% worth the watch!,1
I’m really enjoying how well this works!,1
I love how it works; it’s been so helpful!,1
"I don’t care, it's all just b**ch.",2
He’s acting like a complete b**ch.,0
Your creativity shines through; love your work!,1
What a complete f***ing joke; I’m so frustrated!,0
try improving we I.,0
Didn’t vibe with this; felt kind of off.,0
I’m thrilled with my decision to buy this!,1
"Honestly, that was painful to watch; I can’t deal with this.",0
Just here to scroll; didn’t leave a lasting impression.,2
Just another thing in my feed; nothing that wowed me.,2
"Shoot, this could’ve been a whole lot clearer.",0
Hard no from me; didn’t find it interesting.,0
"Seriously, what was that? Total waste of time.",0
"Seriously, that was a total fail; can’t believe I watched it.",0
"Brilliantly written; you’re so talented, thank you!",1
Your words are so refreshing; keep sharing your truth!,1
Your vibe is always on point; keep being awesome!,1
Just scrolling; didn’t leave a lasting impression.,2
exciting believe was fun.,0
So much love for your content; it’s truly inspiring!,1
"Not the best, but not terrible either; just okay.",2
your I we help.,1
"I appreciate the honesty, but this tweet is meh.",2
Your creativity always shines; keep doing what you do!,1
This content was not my favorite; felt pretty dull.,0
That was such a letdown; I can’t even with this!,0
Your positivity always brightens my day; keep it coming!,1
I wouldn’t recommend this to my worst enemy.,0
"Eh, it’s decent but not worth much hype.",2
Just another average day scrolling; didn’t do much for me.,2
achieve together p**ck help.,2
"This whole situation s*cks, honestly.",0
discuss out stressed our.,2
That was a total fail; can’t believe I wasted time!,0
"Pretty bland honestly, didn’t do much for me either way.",2
Your creativity always amazes me; love your perspective!,1
I can’t stop raving about this product!,1
You’re doing amazing things; love the vibes!,1
Don’t act like such a b**ch.,0
"Honestly, that was a train wreck; can’t believe this was posted!",0
Not too much to say; it’s alright.,2
Your energy is contagious; keep sharing that positivity!,1
Your positivity always shines; love this!,1
Total positive energy; you’re amazing for sharing this!,1
Just here to scroll; nothing that stood out today.,2
This is such a powerful message; really resonates with me!,1
So inspired by what you share; thank you for this!,1
"Sorry, but this wasn’t my vibe at all; felt flat.",0
I’m really happy with how well this works!,1
"Just okay, could use more examples.",2
You’re such a real one; keep inspiring people!,1
This made my day; you always inspire me!,1
You’re such a light; keep shining and sharing!,1
You bring so much light; keep shining bright!,1
This has been a fantastic addition to my home!,1
"Did the job, but nothing impressive.",2
Your energy is unmatched; keep spreading that positivity!,1
Your posts always make me smile; keep spreading joy!,1
Your positivity is so needed; thank you for sharing!,1
The quality is not what I expected at all.,0
Just here to scroll; nothing special caught my eye.,2
This is such a good reminder; love your perspective!,1
Didn't find this up to the usual standards.,0
This post was straight cringe; can’t support it at all.,0
Pretty average content; it’s fine but forgettable.,2
Your positivity is so needed; thank you for sharing!,1
Just another day scrolling; nothing here really caught my eye.,2
"Dang, this video taught me a lot!",1
"Honestly, big waste of time; total flop in my opinion.",0
I had a terrible experience with customer service.,0
Just feels like another scroll; nothing special to see.,2
This was a major letdown; I can’t even.,0
Your posts always bring joy; keep spreading positivity!,1
What a disaster; I can’t deal with this!,0
So much love for your content; it’s truly inspiring!,1
This was such a letdown; I expected more.,0
Your energy is always uplifting; thanks for sharing!,1
Just another post; didn’t really leave a mark on me.,2
Just okay; doesn’t stand out in any way.,2
Meh vibes; didn’t stand out much.,2
This is such a powerful message; really resonates with me!,1
Just another average post; didn’t catch my attention.,2
Just another day scrolling; didn’t do much for my mood today.,2
enjoyed what d*ckhead with.,2
You’re making a difference with this; seriously inspiring!,1
Super engaging and easy to follow.,1
Just another day scrolling; nothing really caught my eye.,2
Your posts always bring joy; keep spreading positivity!,1
Your messages always resonate; thank you for sharing!,1
Your insights are always appreciated; thanks for sharing!,1
This has been a complete waste of my time.,0
Didn’t enjoy this one; just kind of mediocre.,0
What even was that? So cringe!,0
Just feels like another scroll; nothing special to see.,2
"Honestly, this was the worst f***ing thing I’ve seen!",0
No major feels; it’s alright overall.,2
Just okay; doesn’t stand out in any way.,2
from together d*ckhead things.,2
it feedback b**ch enjoyed.,2
"Not very interesting, but it’s alright for background.",2
I wish I hadn’t wasted my money on this crap!,0
Your creativity always amazes me; keep shining!,1
This is such a powerful message; really resonates with me!,1
did the appreciate expected.,2
So much love for your content; it’s truly inspiring!,1
"Nah fam, this content ain’t it; felt hella forced.",0
Your messages always brighten my day; keep it coming!,1
I managed c*ck can.,0
Felt like forced content; didn’t enjoy it at all.,0
So much love for your content; it’s truly inspiring!,1
task believe d**k everyone.,2
Hard pass; I didn’t find this engaging at all.,0
Pretty regular; didn’t feel strongly either way.,2
What a fantastic post; you’re legit awesome for this!,1
Just scrolling; didn’t really do much for me.,2
Your messages always brighten my day; keep it coming!,1
This missed the mark for me; felt kind of bland.,0
"Missed essential points, quite frustrating.",0
So inspired by what you share; thank you for this!,1
discuss yesterday's sh**t it.,2
Just here to scroll; didn’t do much for my mood today.,2
Just another sh*tshow we didn’t ask for.,0
"Honestly, that was painful to watch; I can’t deal with this.",0
Didn’t vibe with this; felt off and a bit awkward.,0
This was rough to watch; really disappointed.,0
Kinda cringy; not feeling the content at all.,0
Your messages always brighten my day; keep it coming!,1
"Not gonna lie, it’s just alright, nothing sus though.",2
This is such a powerful message; really resonates with me!,1
"Standard content, not something I’d share.",2
keep job t**t really.,0
make discuss believe exciting.,0
This one was a bit of a letdown; sorry!,0
was insightful important work.,2
I wouldn’t wish this on my worst enemy.,0
I can’t believe what a b*stard he was.,0
What a total waste of time; I’m very frustrated!,0
This one was a bit of a letdown; sorry!,0
"Eh, it’s okay but wouldn’t hype it to anyone.",2
Just okay; doesn’t stand out in any way.,2
Just standard; didn’t leave a big impact on me.,2
Just feels like another scroll; nothing special to see.,2
Just an average post; didn’t really do anything for me.,2
Hard pass on this one; can’t believe it’s popular.,0
This is such a vibe; can’t get enough of your content!,1
That was a major fail; I’m disappointed.,0
meeting task c*ck work.,1
Your creativity shines; I always look forward to your posts!,1
"An okay tutorial, didn’t stand out much.",2
"Honestly, this was just not good; sorry to say.",0
I can’t relate to this; felt pretty lackluster.,0
Your kindness really shines through; love this!,1
The experience has been nothing short of terrible.,0
Your humor is amazing; keep making me laugh!,1
"This didn’t connect; felt pretty forgettable, honestly.",0
Neutral vibes; didn’t catch my attention much.,2
"Absolutely loved it, great experience!",1
Just another day scrolling; nothing here impressed me.,2
Didn’t enjoy this one; felt pretty dull and lifeless.,0
with Why our but.,1
Just another typical day online; nothing exciting here.,2
This one was a bit of a letdown; sorry!,0
Your energy is so refreshing; I love your authenticity!,1
"Total L, this post was actually unbearable.",0
What a f***ing disaster; I’m so disappointed!,0
"Honestly, that was hard to watch; what a letdown!",0
Love the design and functionality of this!,1
Your energy is infectious; I love your vibe!,1
Just another thing to scroll by; nothing that wowed me.,2
to so stressed appreciate.,2
Your creativity is amazing; I look forward to your posts!,1
Just here scrolling; nothing special caught my eye.,2
This was a snooze; I didn’t vibe with it at all.,0
This one was a bit of a letdown; sorry!,0
Neutral vibes; didn’t catch my attention much.,2
"So-so post, I don’t love it but I don’t hate it either.",2
"This didn’t connect; felt pretty forgettable, honestly.",0
are Why so work.,2
"This post is whatever, kinda basic if you ask me.",2
"Not gonna lie, it’s pretty standard stuff, nothing extra.",2
Just another thing to scroll by; nothing special.,2
Feels pretty neutral; just another day on social media.,2
"Not too exciting, pretty neutral vibes from this.",2
This post made me feel so seen; much love!,1
This video is just a big waste of time.,0
This is such a powerful message; really resonates with me!,1
"Meh, didn’t stand out but it’s alright for what it is.",2
from the a**shat sounds.,2
Low-key boring; not a fan of this content.,0
You’re absolutely amazing; keep sharing this kind of content!,1
This was a huge disappointment; felt really off.,0
I honestly can’t stand this; felt super boring.,0
"Seriously, what was that? I’m so disappointed.",0
Just an ordinary post; didn’t leave a mark.,2
This one was a miss for me; felt kind of off.,0
overall to yesterday's you.,1
That response was a total a**hole move.,0
"No offense, but this was kinda boring to sit through.",0
and improving p**sy job.,2
You’re such a light; keep shining and sharing!,1
Didn’t really work for me; felt boring and drawn out.,0
Neutral vibes; didn’t catch my attention much.,2
You’re such a light; keep shining and sharing!,1
"Neutral on this, just a pretty regular vibe.",2
"Honestly, that was such a waste of time!",0
That was so bad; I can’t deal with it!,0
Didn’t enjoy this one; felt pretty dull and lifeless.,0
"Sorry, but this was kinda mid; didn’t vibe.",0
I expected d**saster things.,2
improving is Why you.,0
"Honestly, didn’t connect with this; felt pretty flat.",0
Love how real you are; always refreshing!,1
"Such a great video, it kept me hooked the whole time!",1
So much love for your content; it’s truly inspiring!,1
"Gosh, this video cleared things up big time.",1
This was such a waste of time; big nope from me.,0
That movie was a total f**k up!,0
this appreciate b**ch to.,0
"Honestly, that was such a flop; I can’t deal with it!",0
What a sh*t show; this was hard to watch!,0
"Nah fam, this was actually trash; no one needs this.",0
This is just not what I expected; what a letdown!,0
"This post is fine, but doesn’t add much value.",2
"Honestly, this was painful to watch; just not for me.",0
That was a huge disappointment; I can’t believe it!,0
was we project work.,2
stressed to c**ksucker appreciate.,2
"It’s alright, no strong impression either way.",2
You have such a talent; keep sharing your gifts!,1
It was hilarious how he acted like a d*ckhead.,1
Feeling super blessed to have seen this; thanks!,1
This is so relatable; thanks for sharing your thoughts!,1
Not great; felt like a waste of time honestly.,0
"Honestly, this was not enjoyable; felt pretty dull.",0
so the s**tbag but.,0
Such a b**chy thing to say.,0
stressed expected sounds managed.,2
Your positivity radiates; I appreciate your content!,1
Just another thing to scroll by; didn’t impress me.,2
So much love for your content; it’s truly inspiring!,1
Love this; your content always makes me happy!,1
This product has made my life so much easier!,1
So much love for your content; it’s truly inspiring!,1
Your creativity always amazes me; love your perspective!,1
task insightful d**saster I.,2
"Honestly, that was not good; can’t lie.",0
Your positivity always makes me smile; keep sharing!,1
"Wow, that was cringe; can’t believe I watched it!",0
this together managed need.,0
Just scrolling; didn’t do much for my mood.,2
I love the design; it looks really nice!,1
I’m so grateful for this tutorial; very helpful!,1
This content is fine; just not my cup of tea.,2
Your messages always brighten my day; keep it coming!,1
Just feels like another post; nothing groundbreaking here.,2
Just feels like another post; didn’t leave a strong impact.,2
This was a total fail; I expected so much more.,0
"Not the worst, not the best, pretty neutral post.",2
we try p**ck always.,0
"Not a bad post, but could’ve been better.",2
Absolutely love this; it’s made my life easier!,1
"Poor visuals, couldn't understand much.",0
so try j**rk I.,2
but and m**her was.,1
This is an awesome find; very pleased with it!,1
Your energy is contagious; keep sharing that positivity!,1
This place is full of d*ckheads.,0
This changed my perspective on things; so grateful!,1
Neutral vibes; didn’t catch my attention much.,2
Why are you such a c*ck when you’re losing?,0
This was a major letdown; what happened?,0
help this p**ck I.,2
What even was that? Total waste of time!,0
Just another thing in my feed; nothing that wowed me.,2
"I swear, everything here is sh**ty.",0
Neutral; didn’t have a strong impression on me.,2
So much love for your content; it’s truly inspiring!,1
Just another thing in my feed; nothing that wowed me.,2
That was a total flop; I really didn’t enjoy this at all.,0
Just okay; wouldn’t remember it after scrolling by.,2
"Overall, it’s a decent product for the price.",2
Your kindness is so uplifting; thank you for this!,1
That was a real letdown; sorry to say.,0
Your creativity is amazing; I look forward to your posts!,1
Your energy is infectious; I love your positivity!,1
Really didn’t enjoy this; felt like a waste of time.,0
"Sorry, but I didn’t vibe with this at all; felt flat.",0
This is such a powerful message; really resonates with me!,1
This is what I needed today; thank you for sharing!,1
Total pass; didn’t engage with this at all.,0
This whole situation turned into a sh**show fast.,0
Neutral; didn’t evoke any strong feelings at all.,2
it stressed keep discuss.,1
This was rough; I can’t even watch this again.,0
Your positivity shines through; keep being you!,1
So much love for your content; it’s truly inspiring!,1
I feel like I’ve been cheated with this purchase.,0
Didn’t really work for me; felt boring and drawn out.,0
What even was that? So unoriginal and boring!,0
Your joy is contagious; keep spreading that positivity!,1
Thank you for this; it’s so refreshing and real!,1
This was a total snooze; can’t believe I watched it.,0
Disappointed with lack of information.,0
Your positivity radiates; I appreciate your content!,1
"OMG, this tutorial just hits different; love it!",1
Feels pretty neutral; just another day scrolling through.,2
I can’t recommend this highly enough!,1
This has changed everything for me; amazing!,1
Just here for the good vibes; nothing serious going on.,2
Just another day scrolling; nothing really caught my eye.,2
You’re bringing light to my feed; keep shining!,1
I wish I hadn’t wasted my time with this.,0
This is such a powerful message; really resonates with me!,1
Just scrolling by; nothing here that left an impression.,2
Just another regular post; it’s fine but nothing memorable.,2
this you let's work.,1
It’s a hassle to return; what a headache!,0
"Honestly, big L on this post; it’s embarrassing.",0
Stop acting like a d*ck over small issues.,0
team fun d**saster did.,0
Such a good vibe here; really glad I found this!,1
This one is pretty neutral; not too exciting but not bad.,2
Just another typical post; didn’t stand out much.,2
This is so heartfelt; love your perspective!,1
This was a total snooze; not a fan at all.,0
Your energy is always so uplifting; I appreciate you!,1
Really didn’t enjoy this; felt like a waste of time.,0
"SMH, this post wasted my time; seriously disappointed.",0
"Honestly, that was hard to watch; what a letdown!",0
That was a fantastic f**k of a show!,1
Your posts are a breath of fresh air; keep being you!,1
Your positivity is so needed; thank you for sharing!,1
You inspire me with your posts; keep it up!,1
I love your positivity; always brighten my day!,1
Your posts always bring joy; keep spreading positivity!,1
You’re incredible at this; I’m truly grateful for the post!,1
I can’t understand why people like this so much.,0
"Pretty standard post, didn’t blow me away but it’s fine.",2
"Honestly, that was really bad; felt super forced.",0
keep it a**hole our.,2
Just another average post; didn’t evoke any strong feelings.,2
"Honestly, this was just not good; sorry to say.",0
It’s fine; just a typical post that I scrolled by.,2
"Honestly, that was a flop; totally not feeling it!",0
Kinda bummed; expected way more from this content.,0
You’re such a light; keep shining and sharing!,1
Your energy is contagious; it brightens my day!,1
Just here for the vibes; nothing else matters.,2
Your creativity always inspires me; keep it going!,1
I can’t believe how bad this has been for me!,0
Your energy is so uplifting; I appreciate you!,1
Just here for the memes; nothing serious going on.,2
the task you keep.,2
This makes my life so much easier; love it!,1
I make an I.,0
It’s genuinely impressive; can’t stop sharing it with others!,1
You always inspire me; thank you for your positive energy!,1
Just okay; doesn’t stand out in any way.,2
Why are you being such a b**ch right now?,0
This is amazing; I’d recommend it to anyone!,1
Just another average post; didn’t catch my attention.,2
This is just plain awful; I wouldn’t recommend it.,0
So much love for your content; it’s truly inspiring!,1
Really love the positivity here; keep it coming!,1
Your creativity shines; I always look forward to your posts!,1
Just standard; didn’t leave a big impact on me.,2
So inspired by what you share; thank you for this!,1
I really a**hole team.,0
Everyone’s acting like d*ckheads over this.,0
"Honestly, this was just not good; sorry to say.",0
expected I p**sy from.,0
This is such a great reminder; love your perspective!,1
is this can to.,1
Your posts always inspire me; keep shining!,1
"Yo, this video is straight-up legit; thanks a ton!",1
Just another thing to scroll past; nothing unique.,2
You inspire me; your content is a breath of fresh air!,1
Your creativity always inspires me; please keep sharing!,1
This has really helped me out a lot!,1
"Honestly, that was a huge letdown; I expected more.",0
Keep doing you; love the realness of this post!,1
Just here for a second; didn’t leave a mark.,2
This was so cringe; I can’t even deal with it!,0
"SMH, I don’t even get what this was trying to do.",0
"Pretty neutral, didn’t spark strong feelings either way.",2
Just an ordinary post; didn’t really resonate with me.,2
Thank you for sharing your journey; it’s really inspiring!,1
"Honestly, this was just not good; sorry to say.",0
Your creativity is unmatched; I appreciate your unique take!,1
Decent overview but missed some key points.,2
Your posts always make me smile; keep spreading joy!,1
Hard pass; I didn’t find this engaging at all.,0
"This didn’t connect; felt pretty forgettable, honestly.",0
"Eh, can’t hate it, can’t hype it either.",2
Your energy is always so uplifting; I appreciate you!,1
Love your energy; it’s seriously uplifting and refreshing!,1
"This didn’t connect; felt pretty forgettable, honestly.",0
I’m so annoyed with how this turned out.,0
This was the worst decision I’ve ever made!,0
from this idea to.,0
You’re such a light; keep shining and sharing!,1
So much love for your content; it’s truly inspiring!,1
"Very informative, well-organized video.",1
Just an average day scrolling; didn’t leave an impression.,2
task you a**shat things.,2
Your posts always lift me up; keep being you!,1
Don’t be such a b*stard to them.,0
Just scrolling by; nothing here really interested me.,2
So inspired by what you share; thank you for this!,1
Your positivity is so needed; thank you for sharing!,1
"Holy smokes, this video was amazing!",1
Why would anyone want to watch this? It’s boring.,0
This is why I follow you; such great vibes!,1
Your positivity is contagious; love your vibes!,1
What a mess; I can’t believe I watched it!,0
you meeting overall Today.,0
You really did your thing here; so impressed!,1
presentation fun insightful keep.,1
This product f***ing works better than I expected!,1
Your positivity is contagious; keep it up!,1
Big fan of this work; keep being amazing!,1
This is such a powerful message; thanks for sharing!,1
"Honestly, this was just not good; sorry to say.",0
Just passing through; didn’t really stand out at all.,2
Your vibe is always on point; keep being awesome!,1
Just another day online; nothing special caught my attention.,2
Your content always brightens my day; keep it up!,1
Just passing through; didn’t really stand out at all.,2
Neutral vibes; didn’t catch my attention much.,2
I’m thrilled with how easy this was to follow!,1
"Honestly, that was painful to watch; I can’t deal with this.",0
Just okay; didn’t leave a lasting impression on me.,2
So inspiring; this really lifted my spirits today!,1
Left out too many basics.,0
This video slaps; totally made my day!,1
Your posts always lift me up; keep sharing positivity!,1
"Honestly, that was hard to watch; what a letdown!",0
This post is a whole mood; thanks for sharing!,1
really things d**k enjoyed.,2
I’m very happy with my decision to buy this!,1
"Top-notch quality, enjoyed every second.",1
Didn’t enjoy this much; it was a bit of a drag.,0
"Nothing groundbreaking, but a fair post overall.",2
"Honestly, felt a bit boring; couldn’t engage with it.",0
Your posts always inspire me; keep shining!,1
This post was whatever; didn’t really spark my interest.,2
Your posts always inspire me; keep shining!,1
"Seriously, what was that? A total letdown!",0
I’m impressed with the quality and design!,1
Just scrolling; didn’t do much for my mood.,2
This is the worst product I’ve ever purchased.,0
Not enough examples to support the content.,0
"This is trash, sorry but it’s not for me.",0
Your creativity is amazing; I appreciate your unique perspective!,1
What a mess; that really didn’t work for me!,0
our together d**saster meeting.,1
great so p**sy from.,0
Why is this so difficult to understand?,0
yesterday's the a**shat It's.,1
You really outdid yourself; this is amazing!,1
Your messages always brighten my day; keep it coming!,1
Just scrolling; didn’t really do much for me.,2
Neutral feelings; just another post that passed by.,2
Your messages always brighten my day; keep it coming!,1
not discuss try enjoyed.,0
Your positivity is so needed; thank you for sharing!,1
Just another post; didn’t really leave an impression.,2
What a disaster; I can’t believe this was posted!,0
did meeting we everyone.,0
"Honestly, that was such a waste of time!",0
Just passing by; nothing really caught my eye.,2
Your posts are always on point; love this energy!,1
This product saved me so much time!,1
"Honestly, that was a flop; totally not feeling it!",0
"Honestly, this is such trash; can’t believe it’s trending.",0
What a mess; this didn’t do anything for me!,0
yesterday's is sh**t I.,0
Can’t believe people still make content this bad.,0
Just here to scroll; didn’t do much for my mood today.,2
"This was so wack, can’t believe it even exists.",0
I can’t believe how well this actually works!,1
Just passing through; nothing that really caught my eye.,2
What a mess; that really didn’t work for me!,0
"Dang, not what I expected, pretty underwhelming.",0
You improving s*ck Can.,1
"That was a blast to watch, thanks!",1
Just here for the chaos; nothing else.,2
So inspired by what you share; thank you for this!,1
Love this message; it’s so uplifting and positive!,1
"Real talk, this video just made my whole day!",1
meeting is t**t This.,2
What a pain to deal with; so frustrating!,0
Neutral; didn’t have a strong impression on me.,2
Can we j**rk appreciate.,2
did This there really.,2
"Honestly, that was hard to watch; what a letdown!",0
"Wow, that was rough; I can’t believe I watched it.",0
to project excellent there.,1
"Honestly, that was painful to watch; I can’t deal with this.",0
"This content is neither good nor bad, just average.",2
You’re such a light; keep shining and sharing!,1
"Honestly, that was a flop; totally not feeling it!",0
Your energy is so uplifting; I appreciate you!,1
"Honestly, this was just not good; sorry to say.",0
"Just gotta say, this post is super cringe.",0
task Why a**shat It's.,0
great discuss your I.,2
"Totally useful, helped me a lot.",1
This is life-changing; thank you for sharing it!,1
your I d**k fun.,0
Just passing by; nothing here that caught my attention.,2
"It’s fine I guess, wouldn’t watch it twice though.",2
Your words always resonate with me; thanks for sharing!,1
"Honestly, that was a train wreck; can’t believe this was posted!",0
You popped off with this; absolutely legendary post!,1
This content didn’t resonate; felt like a waste of time.,0
That really I important.,2
insightful achieve really feedback.,1
You’re such a light; keep shining and sharing!,1
This is such a powerful message; really resonates with me!,1
That answer was s*cky as hell.,0
You bring such joy with your content; keep it up!,1
"Honestly, this video is cringe; couldn’t finish it.",0
really together we Today.,0
I can’t recommend this enough to friends!,1
Low-key thought it was boring; didn’t catch my eye.,0
Your messages always brighten my day; keep it coming!,1
what but s*ck sounds.,2
Your energy always uplifts me; I love your vibe!,1
Just another thing to scroll by; nothing caught my eye.,2
You’re really leveling up with every post; love it!,1
Neutral feelings; just another post I scrolled by.,2
Just okay; doesn’t stand out in any way.,2
Just passing through; didn’t leave an impression.,2
Your creativity always shines through; love your content!,1
This is why I follow you; such great vibes!,1
This one was a bit of a letdown; sorry!,0
Just okay; doesn’t stand out in any way.,2
was Today from over.,2
Just standard; didn’t leave a big impact on me.,2
This tutorial was simply outstanding.,1
Your positivity shines through; keep being you!,1
You’re so talented; keep sharing your gifts!,1
make sounds you really.,2
enjoyed stressed important you.,1
to things from I.,2
What even was that? Total waste of time!,0
This content was a bit of a drag; sorry!,0
Just here for the memes; nothing serious going on.,2
Neutral vibes; didn’t stand out but didn’t flop either.,2
Just another boring post; didn’t catch my attention at all.,2
"Honestly, that was rough; can’t deal with this at all.",0
Your energy is so contagious; I love it!,1
What a disaster; that really didn’t work for me!,0
Can’t believe how wholesome this was; you’re amazing!,1
This product is fantastic; I can’t recommend it enough!,1
This was a letdown; I was hoping for something better.,0
Can’t thank you enough; this was truly inspiring!,1
"This was kinda meh, not gonna lie; expected more.",0
"Okay content, nothing stood out.",2
That was hard to watch; what were you thinking?,0
I’m obsessed with your vibe; you’re amazing!,1
So inspired by what you share; thank you for this!,1
Just another post; nothing too exciting here.,2
What even was that? Total fail; I’m so disappointed.,0
to it f**k out.,1
Neutral vibes; didn’t catch my attention much.,2
This has made a huge difference in my daily life!,1
Your energy is always on point; thanks for sharing!,1
What a train wreck; I can’t believe this got posted!,0
Just another day scrolling; didn’t do much for my mood today.,2
Total respect for this creator; keep up the fire content!,1
You're a real c*ck!,0
Hard pass; didn’t find this engaging or interesting.,0
So annoying; I can’t even get this to work.,0
I love how easy this is to set up!,1
This video didn’t meet my expectations.,0
the make Why your.,1
This video was lowkey boring; needs some spice.,0
Your posts always lift me up; keep being you!,1
stressed but you from.,1
You’re really making a difference; thank you for sharing!,1
This one was a bit of a letdown; sorry!,0
great work m**her the.,0
This is an excellent product; I recommend it!,1
"I learned a ton, very well done tutorial.",1
So inspired by what you share; thank you for this!,1
This I so so.,1
Just feels like another scroll; nothing special to see.,2
was we c**ksucker was.,0
This was so bad; I can’t even.,0
Pretty standard; didn’t feel too strongly about this.,2
Just standard; didn’t leave a big impact on me.,2
Your positivity is so needed; thank you for sharing!,1
we with s*ck That.,2
"It’s okay, nothing groundbreaking, just your average post.",2
"Honestly, this was just not good; sorry to say.",0
Just scrolling; didn’t do much for my mood today.,2
What a disaster; I can’t believe this was shared!,0
Couldn’t vibe with this one; it’s kinda rough.,0
Just passing by; nothing here that caught my attention.,2
Really didn’t enjoy this; felt like a waste of time.,0
Neutral take; didn’t stand out as much as I thought.,2
Your positivity is so needed; thank you for sharing!,1
"Honestly, that was a total cringe moment for me.",0
Don’t let a few s*cky moments ruin your day.,2
make I fun the.,0
Your content is always fire; can’t get enough!,1
Not great; felt like a waste of time honestly.,0
was so yesterday's make.,2
Loving this content; your positivity is infectious!,1
It’s been a pain trying to figure this out.,0
You absolutely nailed this; thank you for the great work!,1
"It’s average, didn’t wow me but didn’t flop either.",2
This office is full of a**holes today.,0
This is such a great investment; I’m thrilled!,1
What a mess; that really didn’t work for me!,0
managed work sh**t so.,0
Your vibe is always uplifting; love what you do!,1
Love your unique perspective; it’s always refreshing!,1
Hard pass on this one; didn’t find it enjoyable at all.,0
great job was not.,0
You bring such joy with your content; keep it up!,1
So glad you shared this; it really made my day!,1
"Honestly, this was cringey; didn’t work for me.",0
I find this tweet interesting but not very helpful.,2
This is a great reminder; your words mean a lot!,1
You’re amazing for putting this out; keep it coming!,1
Your positivity is so needed; thank you for sharing!,1
You’re seriously an inspiration; thanks for this message!,1
this this t**t achieve.,0
Just scrolling; didn’t do much for my mood.,2
This stream had me so hyped; it was unreal!,1
Just another average post; didn’t leave a mark.,2
"Honestly, that was such a flop; I can’t deal with it!",0
Just another typical post; didn’t stand out much.,2
Your energy is so refreshing; I love your authenticity!,1
Just feels like more of the same; nothing new here.,2
I’m tired of dealing with b**chy people.,0
discuss that your on.,2
"Honestly, this was just not good; sorry to say.",0
What even was that? Total disaster; I’m so disappointed.,0
insightful think expected the.,0
Pretty standard; didn’t leave me feeling anything strong.,2
out improving try enjoyed.,0
"Honestly, that was such a flop; I can’t deal with it!",0
"Excellent pace, covered everything I needed.",1
I’ve had nothing but problems with this.,0
"This didn’t connect; felt pretty forgettable, honestly.",0
I love how it works; it’s very reliable!,1
"Yikes, big L; I don’t get why people are liking this.",0
Hard to watch; honestly felt like a waste.,0
"It’s alright, but I wouldn’t watch it again.",2
Just another average day scrolling; didn’t do much for me.,2
Just another day in my feed; nothing too exciting here.,2
What even was that? Total waste of time!,0
appreciate appreciate sh**t with.,2
Your creativity always inspires me; keep it going!,1
Very impressed with the results; it’s effective!,1
This product is f***ing amazing; I love it!,1
Just feels like another scroll; nothing special to see.,2
Your perspective is so fresh; keep it up!,1
Your energy is unmatched; it really shows in your posts!,1
This one was a bit of a letdown; sorry!,0
appreciate together enjoyed need.,2
"Wow, that was really bad; I can’t deal with that!",0
So much love for your content; it’s truly inspiring!,1
Your energy is contagious; keep sharing that positivity!,1
Just another typical post; didn’t stand out much.,2
This was so bad it’s actually kinda funny; no offense.,0
Your positivity shines through; keep being you!,1
So much love for your content; it’s truly inspiring!,1
That was so bad; I can’t deal with it!,0
I’m impressed with the quality; very happy!,1
This is an awesome product; I’m really happy!,1
Just an average day scrolling; didn’t impress me.,2
Didn't find the examples very relatable.,0
Just scrolling through; didn’t catch my interest at all.,2
"It’s alright, doesn’t spark major feelings.",2
"Neutral on this, just average feels overall.",2
Just okay; doesn’t stand out in any way.,2
That was a c**t thing to do.,0
the I a**shat out.,1
Not worth the time watching.,0
This whole day has been a sh**tstorm.,0
Just another typical post; didn’t stand out much.,2
Expected much more detailed content here.,0
work really a**shat need.,2
Just passing through; nothing that really caught my eye.,2
Just here to scroll; nothing special caught my eye.,2
Your energy is unmatched; always look forward to your posts!,1
we task we make.,1
Just another day of scrolling; didn’t grab my attention.,2
Just another day scrolling; nothing really caught my eye.,2
Don't be such a d**k.,0
This project is becoming a sh**show.,0
You’re the best for this; love the positive vibes!,1
"Honestly, this was just not good; sorry to say.",0
Just feels like another standard post; nothing groundbreaking.,2
"Great game, don't be a d**k about it!",1
This is such a great investment; I love it!,1
"Honestly, this was just not good; sorry to say.",0
This product has exceeded all my expectations!,1
"Honestly, this is just cringe; couldn't even finish it.",0
"Well, that was fine, pretty straightforward.",2
Neutral; didn’t have a strong impression on me.,2
This was not great; I expected more from you.,0
This is such a powerful message; really resonates with me!,1
Not really feeling this one; sorry!,0
"Hats off to you, can’t believe how good this is!",1
let's this d*ckhead meeting.,0
Your messages always brighten my day; keep it coming!,1
Pretty standard; didn’t feel too strongly about this.,2
Really disappointing; I expected more from you.,0
Your positivity is infectious; keep sharing your light!,1
"I wish I never bought this, such a letdown.",0
Didn’t really work for me; felt boring and drawn out.,0
This has changed my life for the better!,1
"Struggled to stay engaged, too monotonous.",0
our idea p**sy it.,0
"Kinda alright, didn’t make a huge impact on me though.",2
Your creativity is on another level; love this!,1
Your energy is always so positive; love that!,1
So inspired by what you share; thank you for this!,1
I can’t even get this to work; so frustrating!,0
This wasn’t worth the click; totally forgettable content.,0
"Honestly, this was a major miss; didn’t connect at all.",0
Your content always lifts me up; please keep posting!,1
This is a reliable and useful product!,1
"Seriously, that was not good; can’t lie.",0
"I guess it's okay, but I've seen better.",2
"This post was honestly straight-up trash, couldn’t take it.",0
I’m neutral; didn’t grab my interest much.,2
Just another day scrolling; nothing here impressed me.,2
Your posts always make me smile; thank you!,1
"Decent content, but not enough to make me react strongly.",2
What a mess; that totally fell flat!,0
She has a really sh**ty way of communicating.,0
That was a major disappointment; can’t lie!,0
"He’s just a d*ck, plain and simple.",0
Just scrolling; didn’t leave a lasting impression.,2
to really p**sy it.,2
"Too brief, lacks in-depth explanations.",0
I’m very unhappy with the quality of this item.,0
This has truly made a difference in my life!,1
Your content is always fire; can’t get enough!,1
"This didn’t connect; felt pretty forgettable, honestly.",0
Didn’t really work for me; felt boring and drawn out.,0
Your positivity is so needed; thank you for sharing!,1
Just okay; nothing special about it.,2
I’m on the fence with this one; average overall.,2
I love how reliable and effective this is!,1
What a disaster; I can’t believe this was shared!,0
What a train wreck; I can’t believe this got posted!,0
Just standard; didn’t leave a big impact on me.,2
Your posts always give me life; thanks for sharing!,1
Didn’t enjoy this one; felt pretty dull and lifeless.,0
Such a relatable message; thanks for sharing!,1
you together was together.,0
Just feels like another scroll; nothing special to see.,2
but try w**ker I.,2
Just another average day online; didn’t catch my attention.,2
think You stressed most.,1
I love how it performs; very efficient!,1
Just standard; didn’t leave a big impact on me.,2
This is super uplifting; exactly what I needed today!,1
expected believe overall great.,2
This is a must-have for anyone in need!,1
This product has been a fantastic investment!,1
You always know how to inspire; thanks for sharing!,1
This has truly made a difference for me!,1
so I d**saster Why.,2
Your positivity shines; keep spreading it!,1
was to d**saster there.,2
Just okay; doesn’t stand out in any way.,2
Neutral feelings; just another post that passed by.,2
did work feedback not.,0
Thank you for sharing; your insights are always appreciated!,1
Didn’t enjoy this one; felt pretty dull and lifeless.,0
Your energy is so uplifting; I appreciate you!,1
You always know how to inspire; thanks for sharing!,1
Didn’t enjoy this one; felt pretty dull and lifeless.,0
"Meh, not super memorable but nothing awful either.",2
"Honestly, this was a total disaster; I can’t even!",0
Not my style at all; can’t get behind this.,0
Average at best; wouldn’t hype it but wouldn’t hate it.,2
So much love for your content; it’s truly inspiring!,1
Don’t feel much about this; it’s just average at best.,2
sounds so d**saster enjoyed.,2
Why does everyone here have to be such c*cks?,0
"Super inspiring, exactly what I needed today; thanks a lot!",1
Really didn’t enjoy this; felt like a waste of time.,0
"Honestly, that was a total fail; sorry!",0
You’re making a difference; keep being awesome!,1
"Feels like just another post, nothing standout.",2
"Honestly, this was just not good; sorry to say.",0
can you idea are.,0
job improving c**ksucker are.,0
This product is such a letdown; total waste.,0
I’m really enjoying this; very helpful indeed!,1
You always lift me up with your content; keep shining!,1
This is an excellent tool; I highly recommend!,1
"Honestly, that was such a flop; I can’t deal with it!",0
I should have read the reviews before buying.,0
Pretty average content; it’s fine but forgettable.,2
Your creativity is always on display; love this!,1
What a disaster; I can’t believe this was shared!,0
Your creativity always amazes me; love your perspective!,1
Didn’t enjoy this one; felt pretty dull and lifeless.,0
was You things great.,1
I’m really enjoying this product so far!,1
Your creativity shines; I always look forward to your posts!,1
So inspired by what you share; thank you for this!,1
out things help that.,1
"Honestly, this is some b****t content; not impressed.",0
Your messages always brighten my day; keep it coming!,1
Neutral on this; it was just okay but nothing wild.,2
You’re killing it; love every piece you share!,1
"Loved the examples, very applicable tips.",1
"Bro, this content is b****it; not impressed at all.",0
"Honestly, felt a bit stale; couldn’t connect with it.",0
This is truly a fantastic and helpful tool.,1
"Meh, it’s fine; I wouldn’t hype it up, though.",2
Didn’t really work for me; felt boring and drawn out.,0
are was t**t you.,0
Just standard; didn’t leave a big impact on me.,2
Just chilling here; didn’t catch my eye at all.,2
This one was a bit of a letdown; sorry!,0
I sounds this together.,1
Just another scroll; nothing special about it.,2
Your posts always uplift me; keep shining!,1
so but w**ker I.,0
"Meh vibes, wouldn’t share it but wouldn’t hate it either.",2
What a letdown; really expected more from you!,0
Your posts always brighten my day; keep sharing!,1
I can’t believe how frustrating this is!,0
Really appreciated this; you just earned a new fan!,1
I can’t believe how well this is made!,1
That the c**t insightful.,2
Your creativity is amazing; I look forward to your posts!,1
Your creativity is off the charts; love your work!,1
What a disaster; I can’t believe this was shared!,0
What a disaster; I can’t believe this was posted!,0
This didn’t resonate with me; felt way too generic.,0
feedback fun j**rk things.,1
Kinda cringe; didn’t feel like it resonated with me.,0
Didn’t enjoy this one; felt pretty dull and lifeless.,0
This was a huge disappointment; felt really off.,0
Stop being a d**k to your friends!,0
Your kindness really shines through; love this!,1
Just another average post; didn’t catch my attention.,2
"It was okay, but shoot, not memorable.",2
Totally vibing with this content; it’s legit amazing!,1
This whole event has been a sh*tshow.,0
everyone and expected we.,0
You’re such a light; keep shining and sharing!,1
Can work p**ck everyone.,0
Honestly can’t decide on this one; it’s alright I guess.,2
"Yikes, didn’t enjoy this at all; felt pointless.",0
You always know how to make me smile; keep shining!,1
Seriously disappointing; I had higher hopes for that.,0
Just an average post; didn’t really do anything for me.,2
So inspired by what you share; thank you for this!,1
Not my type; felt like pretty low quality content.,0
I’m over his b*stard behavior.,0
to It's was fun.,2
What even was that? Total fail; I’m so disappointed.,0
"Not sure if I agree, but interesting view.",2
So much love for your content; it’s truly inspiring!,1
managed expected d*ckhead let's.,1
Couldn’t handle how trash this was; actual nonsense.,0
Pure vibes from this video; you’re killin’ it!,1
"Sorry, but this content just doesn’t slap.",0
This made my day; love your positive spirit!,1
"Good grief, struggled to stay interested.",0
Your content always makes my day; keep it up!,1
This is absolute garbage; don’t waste your time.,0
Hard pass on this one; didn’t find it enjoyable at all.,0
Just another day scrolling; didn’t catch my interest.,2
Just feels like another day scrolling through my feed.,2
Didn’t really work for me; felt boring and drawn out.,0
Your creativity is unmatched; I appreciate your unique take!,1
This was such a disappointment; didn’t live up to the hype.,0
This was a total f***ing disaster; never again!,0
Your positivity always brightens my day; keep it coming!,1
What even was that? Total fail; I’m so disappointed.,0
"This didn’t connect; felt pretty forgettable, honestly.",0
I’m really unhappy with how this turned out.,0
This sh**show of a project is draining me.,0
This was a major miss; didn’t connect at all.,0
things our sh**t believe.,0
discuss from think when.,2
I really enjoy using this; it’s fantastic!,1
Just another average post; didn’t catch my attention at all.,2
What a disaster; this really blew a**!,0
Couldn’t vibe with this at all; felt meh.,0
You’re out here doing big things; keep it up!,1
"Had me shook how low-quality this was, fam.",0
think I when improving.,2
work Why w**ker presentation.,0
I hate dealing with these s*cky situations.,0
You’re such a c*cky person sometimes.,2
Neutral feelings; just another post that passed by.,2
"It’s fine, though quite straightforward.",2
"Seriously, that was a total fail; can’t believe I watched it.",0
"Honestly, this was not enjoyable; sorry to say.",0
This meeting is full of a**holes.,0
Just feels like another scroll; nothing special to see.,2
Doesn’t do much for me; just a regular post here.,2
Just feels like more of the same; nothing exciting here.,2
Just feels like another scroll; nothing special to see.,2
Just another day of scrolling; nothing exciting here.,2
"Meh, not a whole vibe but not terrible either.",2
Just passing through; didn’t really stand out at all.,2
You’re such a light; keep shining and sharing!,1
I’m here for this energy; you’re the real MVP!,1
so you c**t everyone.,0
What a train wreck; I can’t believe I wasted my time on this.,0
"Nothing wild, feels like a pretty standard post.",2
believe the That exciting.,0
Just another thing to scroll past; nothing new.,2
I’m really enjoying this; very effective!,1
I’m so f***ing done with this crap!,0
"It’s okay, kinda mellow; wouldn’t go out of my way to watch.",2
Just here for the good vibes; nothing else matters.,2
there help things the.,1
This meeting is just one big sh**show.,0
Don’t waste your time on this; completely pointless.,0
The return process was a total nightmare.,0
That was so lame; I can’t even.,0
Just a regular post; didn’t leave a strong impact.,2
project fun appreciate insightful.,2
"I had high hopes, but this let me down.",0
"Honestly, that was a waste of my time.",0
I’m loving your content; it’s always so uplifting!,1
task we a**hole on.,2
This was extremely well done; I’m genuinely impressed!,1
Your creativity shines; I always look forward to your posts!,1
This was incredible; you have such a talent!,1
Felt like a total waste of time; didn’t enjoy.,0
This is so disappointing; I expected better.,0
Your energy is so uplifting; I appreciate you!,1
That was a real c**t move today.,0
I can’t believe I fell for this junk; total waste!,0
"Lacked punch, really thought it’d be more engaging.",0
I you let's great.,0
Fine post but nothing fire; it’s just mid-tier.,2
Just here for the good vibes; nothing serious going on.,2
This product works beautifully for my needs!,1
"Honestly, this was just not good; sorry to say.",0
It’s decent; don’t mind it but won’t rave about it.,2
Your vibe in this video is so contagious; loved it!,1
I love using this every day; it’s fantastic!,1
This one was a bit of a letdown; sorry!,0
Just standard; didn’t leave a big impact on me.,2
can sounds I yesterday's.,2
Just another day scrolling; nothing here impressed me.,2
Useful but could be improved.,2
This was so underwhelming; I expected better.,0
I love how it works; it’s been a game changer!,1
I I this with.,2
Couldn’t be happier with this; truly fantastic content!,1
Your posts always make me smile; keep spreading joy!,1
Your vibe is unmatched; love your positivity!,1
not team m**her was.,0
Your kindness really shines through; love this!,1
Your content is always uplifting; thanks for sharing!,1
Just another day scrolling; nothing really caught my eye.,2
Just passing by; nothing here that I enjoyed.,2
overall overall w**ker to.,0
What a train wreck; I can’t believe this got posted!,0
"Honestly, this was a bit rough to watch; sorry!",0
Neutral feelings; just another post that passed by.,2
"Seriously, that was a total fail; can’t believe I watched it.",0
Just here to scroll; nothing special caught my eye.,2
Totally satisfied with my experience so far!,1
Just here to scroll; didn’t do much for my mood today.,2
Your positivity always brightens my day; keep it coming!,1
This was so bad; I can’t even deal.,0
Just feels like another scroll; nothing special to see.,2
Just another typical post; didn’t leave a mark.,2
This is such a powerful message; really resonates with me!,1
Your energy is contagious; keep sharing that positivity!,1
Your creativity always amazes me; love your perspective!,1
Didn’t vibe with this one; felt off.,0
always I You I.,2
Your posts always inspire me; keep sharing your light!,1
"Honestly, that was a train wreck; can’t believe this was posted!",0
This one was a bit of a letdown; sorry!,0
So happy to see your growth; you’re killing it!,1
this let's the over.,0
So inspired by what you share; thank you for this!,1
Neutral; didn’t have a strong impression on me.,2
Just another typical post; didn’t stand out much.,2
Your content is always on point; keep shining!,1
Your creativity is always on display; love this!,1
Your content is always uplifting; thanks for sharing!,1
That was a big disappointment; sorry to say.,0
Just here for the vibes; nothing else matters.,2
work was can was.,1
"This didn’t connect; felt pretty forgettable, honestly.",0
Just chilling; this didn’t do much for me.,2
let's meeting it to.,0
Just passing through; nothing that really caught my eye.,2
Your positivity is so needed; thank you for sharing!,1
Your creativity is on another level; keep it up!,1
It’s just okay; didn’t stand out but it’s fine.,2
Your positivity is always appreciated; love what you do!,1
This one was a bit of a letdown; sorry!,0
Didn’t really work for me; felt boring and drawn out.,0
over out it really.,0
Not great; I didn’t find it engaging or interesting.,0
You’re a real one for sharing this; very insightful!,1
Just here to scroll; nothing that stood out today.,2
"Seriously, this was rough to get through; sorry!",0
"Seriously, that was painful to watch; I can’t deal.",0
What a complete disaster this has turned out to be!,0
Just another day scrolling; didn’t do much for my mood today.,2
So inspired by what you share; thank you for this!,1
I’m fed up with this cr*p every single day.,0
I’m really enjoying this; very helpful!,1
"Confusing structure, need more clarity.",0
What a train wreck; I can’t believe I wasted my time on this.,0
Just another thing in my feed; nothing that wowed me.,2
What a mess; that really didn’t work for me!,0
You’re really doing something special here; keep it up!,1
It’s cool but won’t be remembering it after today.,2
You really made my day with this post!,1
try was important feedback.,1
there really m**her help.,2
Didn’t really work for me; felt boring and drawn out.,0
This has been incredibly helpful; I’m grateful!,1
Your content is always lit; keep it coming!,1
I don’t like how complicated this is to use.,0
Just another post; didn’t really grab my attention.,2
I can’t believe I bought this; what a mistake!,0
Your creativity always inspires me; keep it going!,1
"Honestly, that was a total flop; sorry!",0
This is an absolute nightmare to deal with.,0
Just okay; didn’t spark any strong feelings for me.,2
I don’t get why everyone loves this so much.,0
this I b**ch did.,1
This is total garbage; I can’t believe I bought it!,0
Hard pass on this one; didn’t find it enjoyable at all.,0
"What a f***ing waste of my time, honestly.",0
What a disaster; I can’t deal with this!,0
Your positivity always shines; love this!,1
Your creativity is inspiring; please keep sharing!,1
"I love how that jerk got what he deserved, so satisfying!",1
This was such a flop; I can’t even deal with it!,0
Explanations were vague and hard to understand.,0
make our b*stard was.,0
I’m very disappointed with this purchase overall.,0
achieve Can c*ck discuss.,1
What a clusterf***; I can’t deal with this!,0
we Today a**hole that.,0
What even was that? So disappointing!,0
I’m in love with how well this works!,1
What a disaster; I can’t believe this got posted!,0
overall great your out.,2
This is a no from me; felt like filler content.,0
Just okay; didn’t spark any strong feelings for me.,2
That was so bad; I can’t deal with it!,0
You’re such a light; keep shining and sharing!,1
Just here to scroll; nothing special caught my eye.,2
This post actually gave me life; it’s incredible!,1
"Honestly, felt a little cringe; kinda missed the mark.",0
This was such a disappointment; didn’t live up to the hype.,0
I’m really happy with how well this product works!,1
That are p**ck improving.,0
Just okay; doesn’t stand out in any way.,2
Really didn’t enjoy this; felt like a waste of time.,0
Just feels like another scroll; nothing special to see.,2
I I I we.,2
"It’s fine, nothing special but not bad either.",2
Neutral; didn’t have a strong impact on me.,2
Your insight in this post is much appreciated!,1
meeting so j**rk work.,1
"Honestly, that was rough; can’t deal with this at all.",0
You always know how to inspire; thanks for sharing!,1
This is complete s***; I want a refund!,0
This has been nothing but a huge disappointment.,0
to I I but.,1
to great the can.,0
"Bruh, this video was trash; not feeling it.",0
Neutral feels overall; didn’t evoke anything too strong.,2
Neutral vibes; didn’t catch my attention much.,2
Your content always puts a smile on my face!,1
stressed that help Can.,2
Your energy is so uplifting; I appreciate your content!,1
Just feels like another scroll; nothing special to see.,2
Why not Today the.,1
your and w**ker to.,0
Just another thing to pass by; nothing unique at all.,2
Just want to say thank you for this amazing work!,1
This is the most f***ed up thing I’ve seen.,0
Stop with the sh*tty comments.,0
Pretty standard stuff; feels alright but not amazing.,2
Your positivity always makes my day brighter; keep sharing!,1
"It’s okay, met basic expectations.",2
Your content is a breath of fresh air; keep it up!,1
Your positivity radiates; I appreciate your content!,1
"Straight-up inspiring, thanks for such wholesome content!",1
Hard pass on this; it just feels basic.,0
"Honestly, you’re a true inspiration; loved every second.",1
I’m thrilled with my purchase; it’s fantastic!,1
I’m thrilled with my purchase; it’s amazing!,1
Pretty standard content; it’s alright for what it is.,2
Major disappointment; I was expecting something better.,0
it most b**ch make.,0
Your energy is contagious; keep sharing that positivity!,1
Just another post; didn’t catch my attention much.,2
"Not worth the hype, honestly just a big yikes.",0
Your creativity is amazing; I look forward to your posts!,1
What a flop; I really wasn’t feeling this one.,0
Your energy is contagious; keep sharing that positivity!,1
What a complete and utter disaster this has been!,0
"Honestly, I didn’t vibe with this at all; sorry!",0
Just scrolling; didn’t do much for my mood.,2
"Neutral vibes here, like it’s decent but nothing epic.",2
The quality is very disappointing; I expected more.,0
"I gotta say, this was a total miss for me.",0
"Honestly, that was a train wreck; can’t believe this was posted!",0
"Bro, this was painful to get through; not it.",0
but on to you.,0
You we on everyone.,1
you our exciting I.,0
I’m so glad I bought this; it’s perfect!,1
Just scrolling; didn’t really stand out to me.,2
It’s been a hassle trying to figure this out.,0
This one was a bit of a letdown; sorry!,0
The experience has been nothing but frustrating.,0
"This is some boring a** content, honestly.",0
He's being way too c*cky for his own good.,0
"Gosh, it was alright, just didn’t stand out much.",2
job it f**k this.,0
It's sh**ty to treat people like that.,0
Your posts always inspire me; keep sharing that good energy!,1
Really didn’t enjoy this; felt like a waste of time.,0
Your energy is so contagious; I love it!,1
"Seriously, that was some bullsh*t; I can't even!",0
I’m so happy with this purchase; it’s a gem!,1
Just here to scroll; nothing that stood out today.,2
It’s sh**ty to put people down like that.,0
but You j**rk I.,2
I can’t believe I wasted time on this garbage.,0
That was cringe; I can’t even with this one.,0
Just another scroll; didn’t make me stop at all.,2
Keep up the good vibes; this is fire!,1
Your insights always make my day; keep sharing!,1
Keep shining; your energy is unmatched here!,1
"So cringe, legit couldn’t even finish watching.",0
No one needs that kind of b*stard attitude.,0
"It’s okay, pretty standard but nothing groundbreaking.",2
Just another day in this sh*tshow of a company.,0
"Seriously, what was that? I’m not impressed.",0
"Nothing much to say, feels neutral overall.",2
Your energy is contagious; keep being amazing!,1
Just another day scrolling; didn’t impress me.,2
Neutral feelings; just another post that passed by.,2
Couldn’t enjoy this; honestly it was kinda basic.,0
Just another thing in my feed; nothing that wowed me.,2
This one was a miss; didn’t find it engaging at all.,0
I can’t say I enjoyed this; felt pretty lackluster.,0
Your content is always uplifting; thanks for sharing!,1
Neutral vibes; didn’t catch my attention much.,2
You’re a positive force; thanks for this energy!,1
You’re such a light; keep shining and sharing!,1
Your messages always brighten my day; keep it coming!,1
Your content is a breath of fresh air; keep it up!,1
Your positivity is so needed; thank you for sharing!,1
This didn’t resonate with me; felt way too generic.,0
I really appreciate your honesty; it’s so refreshing!,1
Just another typical day online; nothing exciting here.,2
together are s*ck your.,1
I’m neutral; didn’t grab my interest much.,2
was was f**k keep.,1
This was a huge disappointment; didn’t live up to the hype.,0
Just another day scrolling; nothing here to stop for.,2
"Neutral feels, nothing that exciting but it’s alright.",2
that did p**ck to.,1
The features are f***ing amazing and useful!,1
I can’t even with this; it’s just low quality.,0
project insightful This work.,0
Just another average post; didn’t catch my attention.,2
your let's most that.,0
let's important b**ch managed.,1
Your words really resonate with me; super inspiring!,1
You’re such a light; keep shining and sharing!,1
I’m really impressed with the results!,1
Just feels like another scroll; nothing special to see.,2
This content isn’t for me; felt really generic.,0
I can’t believe I bought this crap!,0
"Honestly, this was just not good; sorry to say.",0
This was such a disappointment; didn’t live up to the hype.,0
Your posts are always on point; love this!,1
"Good product, but it has some issues.",2
Your energy is so uplifting; I appreciate you!,1
Just passing by; nothing really caught my eye.,2
Just a regular post; didn’t leave a strong impact on me.,2
Just here to scroll; didn’t leave a lasting impression.,2
Neutral feelings; just another post that passed by.,2
Your posts are always fire; can’t get enough of them!,1
Your messages always brighten my day; keep it coming!,1
Your energy is so uplifting; I love your vibe!,1
Sort of a meh feeling; don’t have much to say.,2
I’m so disappointed in this purchase overall.,0
Just an average post; didn’t really do anything for me.,2
"This didn’t connect; felt pretty forgettable, honestly.",0
that This d*ckhead exciting.,1
What even was that? Total waste of time!,0
"Wow, that was hard to watch; felt forced.",0
exciting an you was.,1
Just feels like another day scrolling; nothing to grab onto.,2
Didn’t enjoy this one; felt pretty dull and lifeless.,0
I’m just here for the vibes; nothing else matters.,2
I can’t even deal with how boring that was!,0
over to sh**t this.,1
Just passing through; nothing that wowed me here.,2
really let's d**k this.,1
this are managed the.,0
"Wow, that was cringy; I can't even.",0
This post was dead; couldn’t get anything from it.,0
Just passing through; didn’t really stand out at all.,2
Your posts always lift me up; keep sharing positivity!,1
"Not amazing, but I’d say it’s solidly alright.",2
"Shoot, I actually understood this well.",1
Wish I hadn’t watched; just didn’t vibe.,0
So inspired by what you share; thank you for this!,1
this That c**t That.,2
Neutral vibes; didn’t catch my attention much.,2
Your content always inspires me; keep sharing that good energy!,1
"One of the worst recommendations ever, hands down.",0
Why would anyone be such a b**ch over this?,0
over think f**k keep.,1
"Nah, just found this boring; wouldn’t recommend to friends.",0
This post is on fire; truly legendary stuff!,1
Really didn’t enjoy this; felt like a waste of time.,0
Pretty standard post; didn’t leave much of an impression.,2
This post made my day; thank you for sharing!,1
Love how you express yourself; it’s so empowering!,1
Just another scroll; didn’t catch my eye.,2
Just here for the good vibes; nothing else.,2
"Super low energy, didn’t get the appeal at all.",0
really Today Why I.,1
Didn’t really work for me; felt boring and drawn out.,0
So much love for your content; it’s truly inspiring!,1
Incredible job on this; couldn’t have done it better!,1
That was such a flop; can’t believe I watched it!,0
You’re such a light; keep shining and sharing!,1
Your positivity is so needed; thank you for sharing!,1
Just okay; doesn’t stand out in any way.,2
You’re the real MVP; this content is goals!,1
the managed to managed.,1
So inspired by what you share; thank you for this!,1
always the important really.,2
Just standard; didn’t leave a big impact on me.,2
"Sorry, not feeling it; it’s just boring content.",0
Not as good as advertised; very disappointing.,0
I’m so done with your sh**ty attitude.,0
What a mess; that didn’t do it for me!,0
Just another typical post; didn’t stand out much.,2
Your content is a breath of fresh air; keep it up!,1
This is so relatable; thanks for sharing your thoughts!,1
This is just what I needed; I’m very happy!,1
Just another thing in my feed; nothing wowed me today.,2
What a flop; that didn’t do anything for me!,0
Your energy is infectious; I love your vibe!,1
Really didn’t enjoy this; felt like a waste of time.,0
team meeting an the.,1
This video is pure fire; I loved every second!,1
let's with sh**t managed.,0
Your posts are always uplifting; I appreciate your content!,1
This was a major letdown; I can’t even.,0
Extremely disappointing; I don’t see why people like it.,0
The instructions are just f***ing terrible!,0
You’re such a light; keep shining and sharing!,1
Didn’t enjoy this one; felt pretty dull and lifeless.,0
This felt like a letdown; I expected something better.,0
Your creativity is unmatched; I love your work!,1
Your posts always make me smile; keep spreading joy!,1
"Average quality, nothing remarkable.",2
What a b**ch move!,0
Just another thing to scroll past; nothing impressed me.,2
It’s decent; wouldn’t go out of my way to watch again.,2
sounds presentation b**ch to.,0
"Neutral, feels like just another post to scroll by.",2
Neutral feelings; just another post that passed by.,2
Just another day scrolling; didn’t leave an impression.,2
"This post is a 10/10, loving all the vibes here!",1
Your positivity is contagious; love the vibe here!,1
This was a bit rough; I didn’t connect with it at all.,0
"Informative, but a bit too slow.",2
Just feels like another average post; nothing special.,2
Just another typical post; didn’t stand out much.,2
That was hard to watch; felt super forced.,0
Mad respect for your consistency; always top-notch!,1
What a train wreck; I can’t believe I wasted my time on this.,0
This is the best product I’ve ever used!,1
Just scrolling by; didn’t do much for me.,2
Didn’t really work for me; felt boring and drawn out.,0
Just feels like another scroll; nothing special to see.,2
That was a total flop; I really didn’t enjoy this at all.,0
fun it s**tbag not.,0
Your creativity is unmatched; love how you express yourself!,1
"Utterly useless content, can’t believe I watched it.",0
I’m very satisfied with my purchase overall!,1
Just feels like background noise; nothing special to see here.,2
You’re so inspiring; your content brightens my day!,1
idea so from with.,0
need everyone always believe.,2
I love your positivity; you always brighten my day!,1
Loving everything about this; super inspiring stuff!,1
Kind of a waste of my time; not into it.,0
Just scrolling by; nothing here really interested me.,2
discuss always we stressed.,1
I can’t recommend this enough; it’s excellent!,1
This has really improved my workflow!,1
Being a c*ck about it isn't going to help.,0
Lowkey just wanna roast this whole thing; so dumb.,0
Hard pass for me; nothing interesting or engaging.,0
Just an average post; didn’t really spark any joy.,2
Just another typical day online; nothing exciting here.,2
Just another typical post; didn’t stand out much.,2
This post is embarrassing af; don’t even want to see it.,0
"This didn’t connect; felt pretty forgettable, honestly.",0
Just passing through; nothing that caught my attention.,2
This is a total waste of time and money.,0
What a disaster; that really didn’t work for me!,0
Just passing by; nothing really caught my eye.,2
Pretty average content; it’s fine but forgettable.,2
"Pretty mid if I’m honest, wasn’t wowed or disappointed.",2
You're being a d*ckhead for no reason!,0
I it m**her I.,0
What a train wreck; I can’t believe this got posted!,0
Just another average day scrolling; didn’t catch my attention.,2
Just here for the memes; nothing else matters.,2
"Seriously, what was that? Total waste of time!",0
You’re such an inspiration; keep sharing your light!,1
That was a huge disappointment; I can’t believe it!,0
This product f***ing rocks! You should try it!,1
"This didn’t connect; felt pretty forgettable, honestly.",0
"This didn’t connect; felt pretty forgettable, honestly.",0
"Honestly, this was just not enjoyable; felt pretty flat.",0
Total win with this one; your content always shines!,1
Just feels like another day on social media; nothing new.,2
That was a total flop; I really didn’t enjoy this at all.,0
Love how genuine you are; it’s refreshing to see!,1
Didn’t enjoy this one; felt pretty dull and lifeless.,0
This one was a bit of a letdown; sorry!,0
Your content is always fire; can’t get enough!,1
discuss excellent p**ck always.,0
"The content was top-notch, dang impressive!",1
always fun c**t was.,1
This is such a powerful message; really resonates with me!,1
That was a hot mess; totally not feeling it!,0
Highly appreciated the depth of explanation.,1
"Pretty indifferent to this, honestly. Doesn’t stand out.",2
This is a fantastic buy; highly recommended!,1
over most I was.,2
This one was a bit of a letdown; sorry!,0
Just scrolling; didn’t leave an impression.,2
Your creativity is inspiring; please keep sharing!,1
this That j**rk was.,1
"Hard pass, can’t vibe with anything in this post.",0
"Honestly, that was such a flop; totally not feeling it!",0
Just passing through; didn’t really stand out at all.,2
What a train wreck; I can’t believe I wasted my time on this.,0
Love the honesty here; feels genuine and positive.,1
discuss project a**shat yesterday's.,0
You really put your heart into this; respect!,1
Your positivity is infectious; keep sharing your light!,1
yesterday's This c**t you.,2
Great product; it’s really made a difference!,1
"Didn’t really learn much from this, just okay.",2
This is an absolute disaster of a video.,0
"Regular vibes, didn’t make me feel much either way.",2
This product has been a lifesaver for me!,1
This is seriously so inspiring; thanks for sharing!,1
make are s**tbag need.,1
great can I did.,0
What a flop; I really wasn’t feeling this one.,0
Seriously disappointing; I expected way better.,0
This is straight-up garbage; couldn’t get through it.,0
Your posts are a breath of fresh air; keep being you!,1
"Eh, okay content, didn’t get much from it though.",2
can to so that.,0
Best content I’ve seen today; you’re really killin' it!,1
we task the appreciate.,1
Just another day scrolling; didn’t do much for my mood today.,2
we let's let's think.,0
What a disaster; I can’t deal with this!,0
Your positivity is so needed; thank you for sharing!,1
Just another day scrolling; nothing to see here.,2
It's just a game; don’t be a p**ck!,0
Your positivity is so needed; thank you for sharing!,1
Just scrolling; didn’t leave a lasting impression.,2
Your posts always lift me up; keep sharing positivity!,1
I think over try.,0
Just scrolling by; nothing here really interested me.,2
Don't be such a s*cker for every little thing.,2
Just another day scrolling; nothing impressive at all.,2
"Seriously, what was that? So disappointing!",0
Just scrolling by; nothing here that left an impression.,2
Neutral; didn’t have a strong impression on me.,2
think everyone d**saster when.,1
What a disaster; I can’t believe this was posted!,0
Today enjoyed so we.,1
Just another thing to scroll past; nothing new here.,2
You’re so talented; your creativity always shines!,1
It's feedback managed to.,2
"Pure quality, thanks for making something actually good!",1
Just scrolling; didn’t really stand out to me.,2
Not great; I didn’t find this relatable at all.,0
That was hard to watch; what were you thinking?,0
Just passing through; nothing that caught my eye.,2
Just another post; didn’t really leave a mark on me.,2
Really didn’t enjoy this; felt like a waste of time.,0
The quality is not what I expected at all.,0
Just feels like another scroll; nothing special.,2
great out w**ker yesterday's.,0
Could use more visuals to clarify points.,0
"Bruh, this content is just kinda embarrassing to be honest.",0
Your energy is contagious; keep sharing that positivity!,1
"This didn’t connect; felt pretty forgettable, honestly.",0
Nothing but a sh*tstorm of negativity.,0
"Sort of in the middle here; not good, not bad.",2
Kind of okay but not a whole vibe if I’m real.,2
Your creativity always shines through; love your content!,1
I can’t s*ck this situation.,0
Neutral feelings; just another post that passed by.,2
This is a fantastic product; I’m very pleased!,1
"This didn’t connect; felt pretty forgettable, honestly.",0
Just another day in my feed; nothing here really interested me.,2
"It’s okay, nothing special; just another post.",2
"Honestly, this was just not good; sorry to say.",0
"This didn’t connect; felt pretty forgettable, honestly.",0
need meeting great was.,1
"Big no from me; this just wasn’t it, fam.",0
Why did I even click on this? Such a waste!,0
"Honestly, this was just not good; sorry to say.",0
"Hard to watch; felt really boring, sorry.",0
Your posts always give me life; thanks for sharing!,1
Your creativity always amazes me; love your perspective!,1
What a disaster; that really didn’t work for me!,0
Neutral on this; just a regular post that’s easy to skip.,2
He’s an a**hole for what he did.,0
Your energy is always so uplifting; I appreciate you!,1
Just another typical post; didn’t stand out much.,2
This is such a powerful message; really resonates with me!,1
on you c**ksucker I.,1
"Honestly, this was just not good; sorry to say.",0
Just another day scrolling; didn’t do much for my mood today.,2
Super low quality; not worth my attention at all.,0
Such a d*ck move on his part.,0
Just okay; doesn’t stand out in any way.,2
Just passing by; nothing here that caught my attention.,2
Just another typical post; didn’t stand out much.,2
Just feels like another scroll; nothing special to see.,2
This genuinely made me smile; appreciate your positivity!,1
Didn’t enjoy this one; felt pretty dull and lifeless.,0
Your posts always make me smile; thanks for sharing!,1
You’re an inspiration; love everything you post!,1
the we a**hole Can.,1
It’s just not worth the hassle; I regret it.,0
Feels like just another post; nothing groundbreaking.,2
Just another day scrolling; nothing impressive at all.,2
appreciate the j**rk Today.,1
This product works wonders; I’m very happy!,1
Just another typical post; didn’t stand out much.,2
Just another day scrolling; nothing too exciting here.,2
This is what I needed today; thanks for sharing!,1
Neutral feelings; it’s just another post in the feed.,2
expected so you you.,1
Your creativity always amazes me; I appreciate your work!,1
This felt a bit off; didn’t enjoy it much.,0
This was kind of painful to watch; sorry!,0
The amount of thought in this post is incredible!,1
This post is chef’s kiss; truly top-notch!,1
So inspired by what you share; thank you for this!,1
Love your whole vibe here; thank you for this!,1
Your energy always uplifts me; I love your vibe!,1
Really didn’t enjoy this; felt like a waste of time.,0
I’m here for this! Love everything you’re doing!,1
important together d*ckhead believe.,0
Such a great perspective; love how you see things!,1
You’re a legend for sharing this; it’s so helpful!,1
This is why I love following you; so genuine!,1
"It’s alright for what it is, nothing too wild.",2
"Somewhat informative, but not very memorable.",2
Just passing through; nothing here piqued my interest.,2
This didn’t catch my interest; just another post.,2
Didn’t really work for me; felt boring and drawn out.,0
stressed That there excellent.,2
Just passing through; nothing that caught my attention.,2
"Bruh, this was hard to watch; not feeling it.",0
This has been a game changer for me!,1
Your creativity always shines through; love your content!,1
Thank you for this awesome content; it brightened my day!,1
"Not amazing, not terrible; just okay vibes here.",2
This didn’t resonate with me; felt generic and bland.,0
Such a sh*tty thing to do.,0
Your creativity shines; I always look forward to your posts!,1
"This didn’t connect; felt pretty forgettable, honestly.",0
That was a total disaster; I really didn’t enjoy this.,0
What a train wreck; I can’t believe I wasted my time on this.,0
I’m so unhappy with how this turned out.,0
expected to to sounds.,2
"Ugh, why did I even watch this? It sucked!",0
Just another thing in my feed; didn’t really stand out.,2
What a disaster; I really didn’t enjoy this one.,0
Mad love for this post; keep it coming!,1
Just another day scrolling; nothing really caught my eye.,2
Absolute waste of time; don’t even bother with this.,0
we I c**t so.,0
I was really hoping for better quality.,0
This one was a bit of a letdown; sorry!,0
Just passing through; nothing that wowed me.,2
So inspired by what you share; thank you for this!,1
Your positivity is so needed; thank you for sharing!,1
"Neutral, didn’t hit too hard or too soft.",2
Low-key felt like a waste of my time; wasn’t worth it.,0
Your creativity is amazing; I look forward to your posts!,1
Your posts always lift me up; keep being you!,1
What a mess; that didn’t do anything for me!,0
"Alright vibes, nothing super special to mention.",2
Hard pass on this one; totally sus content.,0
Just here for a second; didn’t leave a mark on me.,2
"Just okay, could’ve been better, but nothing cringe.",2
Your energy is so uplifting; I appreciate you!,1
You’re a ray of sunshine; love your positive vibes!,1
Love how you spread positivity; it’s so refreshing!,1
Nice but not overly impressive.,2
This is such a powerful message; really resonates with me!,1
Just here to scroll; nothing that stood out today.,2
This is such a powerful message; really resonates with me!,1
This whole sh*tshow just keeps getting worse.,0
you think I believe.,1
Just feels like another scroll; nothing special to see.,2
Everyone’s acting like a**holes lately.,0
This was just bad; not my fave at all.,0
Your creativity is inspiring; please keep sharing!,1
What a train wreck; I can’t believe I wasted my time on this.,0
Didn’t enjoy this one; felt pretty dull and lifeless.,0
Neutral; didn’t have a strong impression on me.,2
"It’s just okay, didn’t spark much excitement in me.",2
Neutral feelings; just another post that passed by.,2
What a disaster; really wasn’t feeling this one.,0
was but d*ckhead when.,1
Just scrolling by; nothing here really interested me.,2
Your posts always inspire me; keep sharing your light!,1
it this p**ck the.,0
Just another average day scrolling; didn’t catch my attention.,2
Just another post; didn’t really grab my attention.,2
"Mixed vibes, kinda good but kinda ehh.",2
Just another average day scrolling; didn’t catch my attention.,2
You’re a total legend for this; exactly what I needed!,1
This is such a great reminder; love your perspective!,1
appreciate what improving This.,1
This was such a waste of time; I can’t believe I watched it.,0
So much love for your content; it’s truly inspiring!,1
I’m so happy with this product; it’s perfect!,1
"Honestly, that was rough; can’t deal with this at all.",0
You’re making waves with every post; love it!,1
Your positivity is so needed; thank you for sharing!,1
What a fail; really didn’t do it for me!,0
Just another average day scrolling; didn’t catch my attention.,2
Just another scroll; nothing caught my eye.,2
Your positivity is so needed; thank you for sharing!,1
Just feels like another scroll; nothing special to see.,2
I was expecting more; this was a bit of a letdown.,0
Your content always makes my day; keep it up!,1
Just scrolling; didn’t do much for my mood.,2
Feels neutral; it’s fine but not memorable.,2
Just here for the laughs; nothing serious.,2
"Honestly, that was painful to watch; can’t deal with it.",0
Super impressed by this; love everything you share!,1
"It’s fine, pretty mellow but nothing crazy exciting.",2
What a disaster; not my favorite.,0
What even was that? Total snooze fest!,0
This was a huge disappointment; felt really off.,0
Just standard; didn’t leave a big impact on me.,2
She’s such a petty b**ch.,0
Just another day scrolling; didn’t catch my interest.,2
"Sorry, but I didn’t vibe with this at all; felt off.",0
Just another typical post; didn’t stand out much.,2
"Seriously, what was that? Total waste of time!",0
This is a total disaster; avoid it at all costs.,0
Just another day scrolling; nothing really caught my eye.,2
great think a**hole help.,0
"Wow, that was rough; I can’t believe I watched it.",0
Acting like a b**ch isn’t a good look.,0
Just another thing in my feed; nothing that wowed me.,2
so there c**ksucker things.,1
What even was that? Total fail; I’m so disappointed.,0
Just another average day scrolling; didn’t catch my attention.,2
Your posts are a breath of fresh air; keep being you!,1
Just another post; didn’t capture my attention much.,2
Your energy is so refreshing; I love your authenticity!,1
That was a major disappointment; I can’t even.,0
"Covered the essentials, nothing beyond that.",2
That fell flat; I had high hopes for this.,0
I didn’t like the service; it was disappointing.,0
Neutral vibes; didn’t catch my attention much.,2
Just another typical post; didn’t stand out much.,2
What a train wreck; I can’t believe this got posted!,0
This is such a powerful message; really resonates with me!,1
Just standard; didn’t leave a big impact on me.,2
"Felt like a standard guide, nothing too deep.",2
This is such a good reminder; love your perspective!,1
Feels pretty neutral; nothing groundbreaking or exciting.,2
"Not loving it, but it’s alright for what it is.",2
"That was a total cringe; never again, please!",0
enjoyed overall p**sy insightful.,2
Total pass; didn’t find this relatable at all.,0
This is so helpful; appreciate your insights!,1
I’m super impressed with how quickly it arrived!,1
So much love for your content; it’s truly inspiring!,1
Neutral; didn’t evoke any strong feelings for me.,2
So much love for your content; it’s truly inspiring!,1
Your energy is so refreshing; keep being awesome!,1
Just another scroll; didn’t really leave a mark.,2
"No offense, but this post is absolute garbage.",0
Your energy is infectious; I love your vibe!,1
You’re so talented; keep sharing your gifts!,1
Your content always makes my day better; keep shining!,1
Just passing by; nothing that caught my interest.,2
Straight-up trash; this did not deserve my time at all.,0
I’m thrilled with how well this works!,1
"Not a big fan but it’s alright, nothing offensive.",2
insightful Today d**k managed.,0
"Decent enough, but didn’t exactly knock my socks off.",2
Just another typical post; didn’t stand out much.,2
Really didn’t enjoy this; felt like a waste of time.,0
so your c**t can.,2
Your posts are always uplifting; keep being you!,1
project task I yesterday's.,1
let's the p**sy I.,0
Just feels like another scroll; nothing special to see.,2
Just scrolling; didn’t really do much for my mood.,2
This product is a complete letdown; I want my money back!,0
Just another day scrolling; nothing here impressed me.,2
let's over we when.,1
"Not my vibe, kinda bland and forgettable.",0
So inspired by what you share; thank you for this!,1
Your energy is unmatched; I appreciate it!,1
You always know how to inspire; thanks for sharing!,1
"Honestly, I just want my money back, please.",0
Your content is a breath of fresh air; keep it up!,1
It s*cks to see this fall apart.,0
So much love for your content; it’s truly inspiring!,1
that on d**saster stressed.,0
This has truly made a difference for me!,1
so are s*ck I.,2
Customer support was a pain in the a**.,0
I It's t**t to.,1
"What a lovely surprise, sh**t!",1
"Extremely well-executed, covered every angle.",1
Neutral vibes; didn’t catch my attention much.,2
Thank you for bringing positivity; your content is great!,1
Really didn’t enjoy this; felt like a waste of time.,0
Just here to scroll; didn’t feel anything special today.,2
the not m**her we.,2
your I a**shat thank.,0
expected Today m**her It's.,0
Just passing through; nothing really caught my eye.,2
"Seriously, that was a total fail; can’t believe I watched it.",0
Your energy always shines through; keep being you!,1
to appreciate d*ckhead I.,1
our are d*ckhead appreciate.,1
the important to to.,1
Not even trying to be mean but this was cringe af.,0
Your insights are amazing; keep sharing your thoughts!,1
Your positivity is so uplifting; thank you for sharing!,1
This didn’t do it for me; felt kind of blah.,0
Just scrolling; didn’t leave a lasting impression.,2
You’re such a light; keep shining and sharing!,1
let's try a**hole excellent.,0
Neutral feelings; just another post that passed by.,2
Just standard; didn’t leave a big impact on me.,2
I did s**tbag out.,0
Your positivity radiates; I appreciate your content!,1
You have such a unique perspective; love your insights!,1
Really didn’t enjoy this; felt like a waste of time.,0
It works perfectly for what I needed it for!,1
Didn’t really work for me; felt boring and drawn out.,0
"Ugh, that was a fail; can’t believe I watched it.",0
"This didn’t connect; felt pretty forgettable, honestly.",0
The customer service was really disappointing.,0
Your creativity always shines through; love this!,1
This didn’t stand out much; feels pretty average.,2
I can’t recommend this enough; it’s fantastic!,1
Truly inspiring; love the work you’re putting in!,1
"Pretty neutral post, like it’s okay but nothing special.",2
"Kind of average, won’t remember this for too long.",2
"Repetitive content, didn’t add much value.",0
Your positivity is so needed; thank you for sharing!,1
That was a total train wreck; I can’t even deal with this.,0
That was a real letdown; I had high hopes.,0
So inspired by what you share; thank you for this!,1
"Your attitude s*cks today, seriously.",0
Just another thing to pass by; nothing unique at all.,2
What even was that? Total fail; I’m so disappointed.,0
Just passing through; nothing that caught my attention.,2
most is most work.,2
appreciate you a**hole what.,0
This is a game-changer; I’m so impressed!,1
I’m thrilled with how well it performs!,1
"Alright content, didn’t blow me away but it’s decent.",2
Your messages always brighten my day; keep it coming!,1
Just here for the good vibes; nothing else.,2
I love how they used that f**k!,1
"Average content, got some useful bits.",2
Just another regular post; it’s okay but not amazing.,2
Not even worth a watch; super cringe tbh.,0
"Mid-tier post, some parts were good, some were not.",2
This product exceeded my expectations!,1
Very happy with my purchase; it’s worth it!,1
expected it p**sy great.,2
The instructions were f***ing impossible to follow!,0
What a mess; that didn’t do anything for me!,0
Just here for the good vibes; nothing else.,2
I’m indifferent; it’s just another post.,2
I’m really upset with this purchase.,0
That was a heck of a video!,1
so your d*ckhead was.,1
this expected s**tbag appreciate.,1
"Super inspiring, feeling all the good vibes from this!",1
Just another post; didn’t really make me think.,2
Sorta meh; some parts hit but nothing major.,2
excellent keep p**ck Today.,0
Your positivity is infectious; keep doing you!,1
Just another scroll; didn’t really leave a mark.,2
"Just wanna say, you’re doing amazing things out here!",1
Neutral on this one; interesting but lacks depth.,2
This is such a great investment; I love it!,1
I can’t say enough good things about this!,1
Your words always hit deep; truly inspiring!,1
"Kicked butt with that tutorial, loved it!",1
Just another post; didn’t really leave a mark on me.,2
enjoyed great c**t Why.,0
Your positivity is so needed; thank you for sharing!,1
"It’s okay, didn’t leave much of an impression.",2
You’re such a light; keep shining and sharing!,1
That was such a letdown; I expected much better.,0
What even was that? Total fail; I’m so disappointed.,0
Neutral; didn’t have a strong impression on me.,2
appreciate with it can.,1
I love how real you are; such a refreshing vibe!,1
Super wholesome post; you’re always coming through for us!,1
"This didn’t connect; felt pretty forgettable, honestly.",0
Just passing through; nothing that really caught my interest.,2
"It’s okay, nothing too memorable about it.",2
Your messages always brighten my day; keep it coming!,1
What a disaster; totally not what I expected!,0
You truly popped off with this content; thank you!,1
sounds to f**k let's.,1
Just another thing to scroll by; nothing special.,2
Just standard; didn’t leave a big impact on me.,2
What even was that? Total fail; I’m so disappointed.,0
your idea p**ck help.,0
Didn’t hit at all; pretty disappointed.,0
overall everyone make it.,2
Your energy always uplifts me; I love your vibe!,1
that but c**ksucker great.,0
I’m really upset about the service I received.,0
Not my taste at all; I’m not impressed.,0
"Honestly, this was just not good; sorry to say.",0
So inspired by what you share; thank you for this!,1
"Mediocre at best, nothing to get excited over.",2
job your m**her the.,1
This was so helpful; thank you for the guidance!,1
Your positivity radiates; keep sharing it!,1
"Honestly, this was just not good; sorry to say.",0
Didn’t enjoy this one; felt pretty dull and lifeless.,0
Just scrolling; didn’t do much for my mood.,2
This is really something special; you’re talented!,1
This post was painful to watch; just couldn’t vibe with it.,0
"Decent post, but nothing particularly special here.",2
Just scrolling by; nothing here that really caught my attention.,2
You have a way of making complex things feel simple; thanks!,1
What a train wreck; I can’t believe I wasted my time on this.,0
I’m impressed with how well this performs!,1
Just here for the good vibes; nothing serious going on.,2
Just here for the memes; nothing serious going on.,2
I appreciate your honesty; it’s so refreshing!,1
"I feel bad, but this post is total b****it.",0
thank so job yesterday's.,0
Just here for the vibes; nothing else matters.,2
This is such a hassle to use; not impressed.,0
Everyone’s acting like a bunch of d*ckheads.,0
Just here for the laughs; nothing serious.,2
Just scrolling through; didn’t leave a lasting impression.,2
it that a**shat everyone.,1
You have such a way with words; love this!,1
Didn’t enjoy this one; felt pretty dull and lifeless.,0
"Honestly, this was just not good; sorry to say.",0
Neutral vibes; didn’t catch my attention much.,2
Neutral vibes; didn’t catch my attention much.,2
This one was a miss for me; didn’t find it engaging.,0
Just scrolling; didn’t do much for my mood.,2
"Nah, this whole thing is sus; can’t support it.",0
Not my favorite; felt pretty bland and forgettable.,0
Just passing through; nothing that really caught my eye.,2
Your vibe is always on point; love what you do!,1
Perfect for what I needed; very pleased!,1
The quality is very disappointing; I want a refund!,0
presentation improving the I.,0
out work managed job.,1
Just passing through; nothing that wowed me here.,2
Didn’t hit right; felt way too long and drawn out.,0
This is such a powerful message; really resonates with me!,1
Your messages always brighten my day; keep it coming!,1
with important not presentation.,2
"Too fast, hard to keep up.",0
Just scrolling by; nothing here really interested me.,2
Your kindness really shines through; love this!,1
I love how well this works; very effective!,1
Just passing by; nothing that caught my interest.,2
"It’s okay, didn’t blow me away but it’s cool.",2
Your creativity always amazes me; please continue!,1
So inspired by what you share; thank you for this!,1
"Honestly, that was rough; can’t deal with this!",0
Just passing by; nothing that caught my interest.,2
Just passing through; nothing really caught my eye.,2
work the t**t enjoyed.,2
Just standard; didn’t leave a big impact on me.,2
That was a total fail; not worth my time.,0
Your posts are a breath of fresh air; keep being you!,1
Your creativity is always on display; love this!,1
This didn’t connect; felt a bit awkward and forced.,0
So inspired by what you share; thank you for this!,1
Just scrolling; didn’t do much for my mood.,2
Your energy is so refreshing; love how real you are!,1
Why is this so hard to use? I’m confused.,0
This video is so inspiring; I absolutely love it!,1
This comment section is just d*ckhead central.,0
"Pretty straightforward, somewhat useful.",2
So inspired by what you share; thank you for this!,1
discuss you p**ck our.,0
Just passing through; nothing that caught my attention.,2
He’s been acting like a total d*ck lately.,0
What a disaster; I can’t believe this was shared!,0
"Genuinely love this, your vibe is so inspiring!",1
Great functionality and ease of use; love it!,1
"Wow, that was a train wreck; can’t believe it!",0
So much love for your content; it’s truly inspiring!,1
believe work d*ckhead great.,0
Can’t believe people actually like this; it’s terrible.,0
Just scrolling; didn’t really do much for my mood today.,2
Just feels like another scroll; nothing special to see.,2
Just scrolling through; didn’t really capture my interest.,2
Really didn’t enjoy this; felt like a waste of time.,0
Thanks for sharing; so uplifting and positive!,1
What even was that? Total waste of time!,0
This has been a fantastic investment for me!,1
Just passing through; nothing here left a mark on me.,2
You always know how to inspire; thanks for sharing!,1
Your creativity is inspiring; please keep sharing!,1
Big cringe energy here; can’t believe this was posted.,0
fun exciting stressed things.,0
Just passing through; nothing here left a mark on me.,2
"Truly useful, helped clear up my doubts.",1
This tutorial on YouTube was incredibly clear and useful!,1
Didn’t enjoy this one; felt pretty dull and lifeless.,0
You’re always on point with this content; amazing!,1
insightful when keep really.,2
This has been a great experience overall!,1
"Fairly standard, some helpful points.",2
Your positivity is so contagious; love it!,1
Didn’t really work for me; felt boring and drawn out.,0
"I’d rather spend my money elsewhere, honestly.",0
It’s just okay; I expected a lot more from it.,2
"Bruh, this just felt pointless; didn’t enjoy it.",0
I’m so unhappy with how this turned out; awful!,0
I you I It's.,1
What even was that? Such a fail!,0
Your post was a breath of fresh air; thank you!,1
"Honestly, this was just not good; sorry to say.",0
with really d**saster everyone.,1
I love how functional and helpful this is!,1
This is the worst thing I’ve seen on Facebook.,0
"Whatever, it’s just a sh**t day.",2
idea but there expected.,0
Just scrolling by; nothing here that left an impression.,2
What a disaster; that really didn’t work for me!,0
our yesterday's out but.,0
This product is exactly what I hoped for!,1
This was a big fail; I can't even with this one!,0
Just a regular post; didn’t really resonate with me.,2
job try s*ck exciting.,0
Your posts always give me life; keep it up!,1
This is such a vibe; love the energy!,1
The quality is top-notch and reliable.,1
Just passing through; nothing really caught my eye.,2
"Didn’t add much, thought it’d be better, honestly.",0
Just another thing to pass by; nothing unique at all.,2
"It’s alright, but I’ve seen better options.",2
"Didn’t leave much of an impact, feels pretty neutral.",2
What a mess; this was really not good!,0
Your creativity is unmatched; I appreciate your unique take!,1
"Not gonna lie, this was kinda cringey; didn’t enjoy it.",0
yesterday's task Can work.,2
what achieve you important.,1
and enjoyed d**k enjoyed.,0
Can't wait to see more content!,1
meeting help help That.,1
expected I to with.,1
did things c**ksucker exciting.,0
Just average; didn’t feel too strongly about this.,2
I’m genuinely inspired by you; thank you for this!,1
So inspired by what you share; thank you for this!,1
"I’m vibing with the content, but it’s kinda mid.",2
Just a typical post; didn’t leave a strong impression.,2
Your positivity shines through; thank you for this!,1
What the heck was that? Total waste of time!,0
"Seriously, that was rough; I can’t believe this is a thing.",0
Your posts always lift me up; keep sharing positivity!,1
"Honestly, this content is complete b****t; so disappointing.",0
Your posts always bring joy; keep spreading positivity!,1
Didn’t really work for me; felt boring and drawn out.,0
This content really got me in my feels; so well done!,1
Total legend for sharing this; much appreciated!,1
Neutral vibes; didn’t catch my attention much.,2
Your positivity is so needed; thank you for sharing!,1
Beyond happy I found this; just what I needed!,1
Just passing by; nothing here that caught my attention.,2
I’m shocked at how bad this is; avoid it!,0
Just a regular post; didn’t hit me in any way.,2
"Sh**t, I forgot my keys again.",0
Neutral feelings; just another post that passed by.,2
Just another average day scrolling; didn’t do much.,2
"It broke after just one use, what the hell?",0
Content is okay but not worth sharing with others.,2
Love the way you explained everything; super clear!,1
Just an average post; didn’t grab my attention.,2
What even was that? Total waste of time!,0
Just feels like another scroll; nothing special to see.,2
Didn’t enjoy this one; felt pretty dull and lifeless.,0
Your positivity is contagious; keep sharing that good energy!,1
with achieve task team.,0
thank appreciate c*ck Today.,1
Feels pretty standard; nothing groundbreaking or exciting.,2
I regret buying this; total disappointment!,0
important managed idea you.,1
The quality is not good; I expected better.,0
really feedback insightful discuss.,1
Just an average post; didn’t catch my attention.,2
Definitely needs a lot of improvement.,0
This just didn’t connect for me; felt kind of forced.,0
Just another post; didn’t really grab my attention.,2
That was such a letdown; what were you thinking?,0
the enjoyed the excellent.,1
This is a great product; I love using it!,1
Just another thing to scroll past; nothing caught my eye.,2
This has been a really sh**ty experience.,0
Neutral feelings; just another post that passed by.,2
Neutral vibes; didn’t catch my attention much.,2
Just okay; doesn’t stand out in any way.,2
This is why I follow you; such great vibes!,1
This product is exactly what I needed!,1
Your positivity shines through; keep being you!,1
"Honestly, this was just not good; sorry to say.",0
That was hard to watch; what were you thinking?,0
"Honestly, this was kinda awkward; didn’t resonate with me.",0
Just okay; doesn’t stand out in any way.,2
What even was that? Total fail; I’m so disappointed.,0
Your positivity shines through; keep being you!,1
"Your ideas s*ck, honestly.",0
Your creativity always stands out; keep being you!,1
Pure motivation here; keep up the amazing work!,1
This is such a powerful message; really resonates with me!,1
Your creativity always amazes me; love your perspective!,1
So inspired by what you share; thank you for this!,1
Just here for the chaos; nothing serious going on.,2
Felt like a waste of time; just not it.,0
Your content always lifts me up; thank you!,1
"Honestly, that was hard to watch; what a letdown!",0
I’m neutral; didn’t grab my interest much.,2
That was such a letdown; I can’t even with this!,0
What a train wreck; I can’t believe I wasted my time on this.,0
Your creativity always shines through; love your content!,1
Just feels like more of the same; nothing new here.,2
Great service and speedy delivery; love it!,1
Your posts always lift me up; keep sharing positivity!,1
You have a unique perspective; love your insights!,1
Just scrolling; didn’t leave a lasting impression at all.,2
This is such a powerful message; really resonates with me!,1
I try team need.,0
"It’s alright, feels pretty standard, but chill enough.",2
Your videos are always top-notch; I’m a huge fan!,1
Can’t recommend this enough; such valuable advice!,1
You’re the best; your posts make my day!,1
Neutral thoughts; didn’t feel much either way.,2
This one was a bit of a letdown; sorry!,0
"Brilliant video, learned so much here.",1
Neutral feelings; just another post that passed by.,2
"This didn’t connect; felt pretty forgettable, honestly.",0
really out really the.,1
Kinda cringe; didn’t feel like it resonated with me.,0
I appreciate you sharing; your content is so uplifting!,1
Really didn’t enjoy this; felt like a waste of time.,0
You have a unique perspective; love your insights!,1
I regret even opening this; can’t believe people watch it.,0
Your content is always so creative; love your perspective!,1
Your posts are always uplifting; keep being you!,1
Just another post; didn’t really leave a mark on me.,2
Neutral feelings; just another post that passed by.,2
Your vibe is always on point; love it!,1
Your work is so pure; really needed this energy today!,1
"Couldn’t finish it, honestly felt dragged out.",0
Didn’t really work for me; felt boring and drawn out.,0
"Seriously, what was that? A total fail!",0
I can’t believe how much I love this!,1
"Honestly, that was a train wreck; can’t believe this was posted!",0
Lowkey amazed at how chill this content feels; pure vibe!,1
Your messages resonate with me; thank you for this!,1
This is what I needed today; thanks for sharing!,1
"Just wanna say, you’re a real one for this.",1
from together was Today.,0
Neutral; didn’t make a lasting impression on me.,2
This didn’t do much for me; just scrolling by.,2
Just here for some light scrolling; nothing serious.,2
You’re such a light; keep shining and sharing!,1
I can't believe I wasted time on this mid trash.,0
You’re actually killing it with this; so much love!,1
I love how easy it is to set up; very convenient!,1
"Nah, just didn’t hit right; I don’t get the hype.",0
"Works great, no issues at all; very happy!",1
Your messages always brighten my day; keep it coming!,1
This is such a vibe; love your content!,1
Just another day scrolling; nothing here impressed me.,2
This has exceeded my expectations entirely!,1
So inspired by what you share; thank you for this!,1
That was hard to watch; felt really forced.,0
improving It's c**t the.,2
This product is fantastic; I can’t recommend it enough!,1
That was such a letdown; I can’t even with this!,0
That was hard to watch; what were you thinking?,0
Just okay; doesn’t stand out in any way.,2
presentation idea d*ckhead project.,2
Neutral feelings; just another post that passed by.,2
Just another typical day online; nothing exciting here.,2
Your positivity is infectious; I’m here for it!,1
I wish I hadn’t wasted my money on this.,0
the I b*stard we.,0
Neutral vibes; didn’t catch my attention much.,2
Just another day scrolling; didn’t leave an impression.,2
"Inspiring story, really glad I took the time to read it!",1
What a flop; I really wasn’t feeling this one.,0
What a disaster; I can’t believe this was posted!,0
You're acting like an a**hole.,0
I feel like this was totally misleading; awful.,0
That It's t**t sounds.,1
This has not met my expectations at all.,0
Nothing unique but still helpful.,2
Your vibe is so chill; I love it!,1
Just standard; didn’t leave a big impact on me.,2
This was a complete f***ing flop; so disappointed!,0
That was cringy; I can't even deal with it!,0
"Pretty regular post; it’s alright, nothing wild.",2
Just passing through; nothing that wowed me here.,2
I’m disappointed with the quality of this.,0
Pretty standard content; nothing too exciting here.,2
Didn’t really work for me; felt boring and drawn out.,0
I can’t recommend this at all; very disappointed.,0
You’re spreading so much joy; keep sharing your light!,1
Just another thing in my feed; nothing that wowed me.,2
Your energy is infectious; I love your vibe!,1
Acting like an a**hole isn't the answer.,0
You have a unique perspective; love your insights!,1
This was so cringy; I can’t believe I watched it!,0
Your messages always brighten my day; keep it coming!,1
Just passing through; nothing that really caught my eye.,2
You’re genuinely so talented; keep doing amazing things!,1
"Honestly, felt pretty boring; couldn’t connect with it.",0
Really didn’t enjoy this; felt like a waste of time.,0
I didn’t vibe with this at all; felt pretty flat.,0
"Wow, this was enlightening; thank you for this post!",1
This was such a disappointment; didn’t live up to the hype.,0
Just another thing in my feed; nothing stands out.,2
What a disaster; really wasn’t feeling this one at all!,0
Just scrolling; didn’t really do much for me.,2
This was such a disappointment; didn’t live up to the hype.,0
need I was the.,0
I feel completely let down; very disappointing.,0
I regret spending money on this junk; it’s awful.,0
Just scrolling; didn’t catch my attention at all.,2
Hard pass; I didn’t find this engaging at all.,0
Just another post; didn’t really grab my attention.,2
Your vibe is always on point; love what you do!,1
insightful the d**saster I.,1
Just another average post; didn’t wow me.,2
"Alright vibes, not super memorable but not bad either.",2
Love the honesty in this; you’re such a real one!,1
Neutral vibes; didn’t have a strong impact on me.,2
This update is so frustrating; I'm beyond annoyed!,0
"Honestly, this was just not good; sorry to say.",0
"Honestly, that was hard to watch; what a letdown!",0
This product exceeded my f***ing expectations!,1
You’re bringing such realness; keep doing you!,1
Not impressed; I expected much more quality.,0
Neutral vibes; just another post that passed me by.,2
Your creativity always inspires me; keep it going!,1
Your vibe is always on point; love it!,1
Your vibe is always on point; love what you do!,1
Just another post; didn’t leave a lasting impression on me.,2
I’m indifferent; it’s just another post in the feed.,2
Your posts always brighten my day; keep going!,1
That fell flat; I had high hopes.,0
and feedback a**shat the.,1
presentation try we this.,1
Your posts are always uplifting; keep being you!,1
Your positivity always shines; it makes my day better!,1
Wish I hadn’t watched; it was pretty boring.,0
so make It's keep.,2
Just here to scroll; didn’t do much for my mood today.,2
Your creativity always amazes me; keep doing what you do!,1
"Lacked structure, confusing explanations overall.",0
The instructions are confusing and unclear.,0
Neutral vibes; didn’t catch my attention much.,2
"Seriously, that was not good; can’t lie.",0
Didn’t enjoy this one; felt pretty dull and lifeless.,0
That was a total flop; so disappointed right now.,0
I’m amazed at how bad this is; it’s shocking!,0
Didn’t really work for me; felt boring and drawn out.,0
"Felt bland, didn’t feel anything impactful.",0
That was hard to watch; felt super forced.,0
Just scrolling by; nothing that captured my attention.,2
Your positivity shines bright; keep being you!,1
Your positivity is so needed; thank you for sharing!,1
What a total disappointment this has been!,0
let's out thank need.,2
Neutral feelings; just another post in the feed.,2
Total respect for your effort here; well done!,1
That was a total flop; I really didn’t enjoy this at all.,0
This was such a letdown; didn’t live up to the hype.,0
Your positivity is so needed; thank you for sharing!,1
Your posts always lift me up; keep sharing positivity!,1
Such a refreshing take; I’m sharing this for sure!,1
Just okay; didn’t leave a lasting impression on me.,2
Love how authentic you are; it’s a breath of fresh air!,1
"Honestly, that was a train wreck; can’t believe this was posted!",0
discuss Today to and.,1
I to make important.,1
stressed when sh**t to.,1
Your messages always brighten my day; keep it coming!,1
Just another typical post; didn’t stand out much.,2
You’re such a light; keep shining and sharing!,1
It’s fine; didn’t really leave an impact on me.,2
expected over meeting you.,0
Just a regular post; nothing to write home about.,2
"Honestly, that was rough; can’t believe I saw that!",0
Don't be a p**sy about it.,0
Your creativity is always on display; love this!,1
That was a major fail; I’m disappointed.,0
"Honestly, felt pretty dull; sorry to say.",0
think great c**ksucker overall.,0
Your creativity is off the f***ing charts!,1
"Perfectly presented, very clear explanations.",1
Great value for the price; very satisfied!,1
team with f**k together.,1
This one was a bit of a letdown; sorry!,0
"I was hoping for much better quality, honestly.",0
Your posts always brighten my day; love this energy!,1
Your posts are always uplifting; keep being you!,1
"Pretty cringe, honestly; I couldn’t finish it.",0
Your messages always brighten my day; keep it coming!,1
This is perfect for my needs; I’m very happy!,1
So glad you’re sharing your journey; it’s inspiring!,1
really Why a**hole That.,0
Your enthusiasm is contagious; I’m here for it!,1
we was thank it.,2
Just found this post; exactly what I needed today!,1
Your vibe is always on point; love what you do!,1
Why does this product have such bad reviews?,0
Just scrolling; didn’t leave a lasting impression.,2
What a sh*t show; this really didn’t work for me!,0
"Feels like filler content; kinda average, tbh.",2
Felt pointless; couldn’t find any value in it.,0
This was honestly embarrassing; I expected so much better.,0
That’s a pretty sh*tty way to handle things.,0
This is such a powerful message; really resonates with me!,1
Neutral feelings; just another post that passed by.,2
Just another typical post; didn’t stand out much.,2
Loving your energy; it’s really inspiring to see!,1
"Holy smokes, the tips here are on point!",1
This felt forced; I wasn’t really into it.,0
I can’t get enough of this energy; keep it coming!,1
"Neutral on this, didn’t stand out much to me.",2
"This is garbage, and no one asked for it.",0
important really b**ch expected.,2
"Meh, not my vibe but not the worst either.",2
Your vibe is so refreshing; keep being you!,1
Your creativity is unmatched; I appreciate your unique take!,1
"I had high hopes, but this was a letdown.",0
Just standard; didn’t leave a big impact on me.,2
Your creativity always blows my mind; keep it coming!,1
Your vibe is so refreshing; I love your authenticity!,1
You have a unique perspective; love your insights!,1
You crushed it with this; keep up the great work!,1
Just a f***ing mess; I’m very disappointed!,0
What a disaster; I can’t deal with this!,0
Just scrolling through; didn’t really grab my interest.,2
Didn’t really work for me; felt boring and drawn out.,0
This was so bad; I can’t even deal with it!,0
Just a typical post; didn’t stand out much.,2
Couldn’t ask for a better tutorial; thank you so much!,1
The service was a complete letdown; I expected better.,0
improving with meeting I.,1
Just scrolling; didn’t really do much for me.,2
work excellent I not.,1
So much love for your content; it’s truly inspiring!,1
This was a complete f***ing waste of money!,0
Your insights are always appreciated; thanks for sharing!,1
This is a great investment for my needs!,1
This one didn’t do it for me; no cap.,0
Lowkey wanna delete this; it’s so embarrassingly bad.,0
What a train wreck; I can’t believe this got posted!,0
Big fail; nothing about this was worth the time.,0
Your posts are always fire; keep doing you!,1
Just here to scroll; didn’t do much for my mood today.,2
I love how easy it is to use!,1
Your posts always bring joy; keep spreading positivity!,1
"Seriously, that was hard to watch; what a letdown!",0
"Straight up, this is trash; thought it’d be better.",0
Your positivity is contagious; thanks for sharing your joy!,1
"Neutral, felt like just another post to scroll by.",2
"Not impressed, not disappointed; just a basic post.",2
Alright content; it’s okay for a regular post.,2
You’re such a light; keep shining and sharing!,1
It didn’t work as promised; very frustrating.,0
I’m blown away by how insightful this tweet is.,1
That was such a letdown; felt really forced and awkward.,0
Your positivity is so needed; thank you for sharing!,1
Thank you for your positivity; it’s infectious!,1
Why need great to.,0
Just okay; doesn’t stand out in any way.,2
you I an we.,2
What a train wreck; I can’t believe I wasted my time on this.,0
Your vibe is always on point; keep being awesome!,1
You’re amazing for putting this out; love it!,1
Not my fave; felt like a waste of my time.,0
"Kind of indifferent here, it’s a solid 5/10.",2
Your content is always uplifting; thank you for sharing!,1
It’s doing exactly what I hoped it would!,1
Your posts are always on point; love this energy!,1
"SMH, this was just boring; couldn’t connect with it.",0
Just another typical day online; nothing exciting here.,2
This is the worst post on my feed today.,0
What a disaster; I can’t believe this was posted!,0
Just another post; didn’t leave a lasting impression on me.,2
Just passing by; nothing here that caught my attention.,2
Lowkey annoyed by this; it’s such a letdown.,0
Big ups to you; love the message and content!,1
That was a huge disappointment; I can’t believe it!,0
I can’t believe I spent money on this crap!,0
Just another post; didn’t make a big impact.,2
Neutral vibes; didn’t catch my attention much.,2
Just another day scrolling; this is whatever.,2
That was hard to watch; felt super forced.,0
This is the realest post I’ve seen in ages!,1
What a fail; I was expecting something better!,0
Just another day in the feed; nothing stood out.,2
Your messages always brighten my day; keep it coming!,1
Just another day scrolling; nothing caught my attention today.,2
"Didn’t love it but didn’t hate it either, pretty mid.",2
This page is a waste of time; it’s terrible.,0
This is not worth the hassle; I regret it!,0
Just another post; didn’t leave a lasting impression on me.,2
Pretty middle-ground stuff; wouldn’t think much of it.,2
Really didn’t enjoy this; felt like a waste of time.,0
I love how real you are; such a refreshing vibe!,1
exciting work m**her you.,0
Just another thing to scroll past; didn’t impress me.,2
try everyone This from.,0
"It’s fine, I guess, doesn’t do much for me though.",2
Didn’t enjoy this one; felt pretty dull and lifeless.,0
That was hard to watch; what were you thinking?,0
This is an excellent tool; I’m very pleased!,1
"Honestly, this was just not good; sorry to say.",0
Your posts always inspire me; keep doing what you do!,1
work appreciate fun help.,1
Just standard; didn’t leave a big impact on me.,2
Didn’t find this engaging; felt pretty generic.,0
I can’t understand why this is so popular!,0
Just another scroll; didn’t really leave a mark.,2
over was c**t to.,2
Just another day scrolling; didn’t leave an impression.,2
This really made my day; thank you for sharing!,1
What kind of c*cky behavior is that?,0
What a train wreck; I can’t believe I wasted my time on this.,0
"Pretty neutral post, nothing fire but nothing cringe either.",2
You’re out here spreading positivity; keep it up!,1
What a mess; I can’t deal with this content!,0
but yesterday's d**k always.,0
This one was a bit of a letdown; sorry!,0
need so together really.,1
"What a win, your work really brings positivity to my feed!",1
most let's f**k excellent.,2
"It’s alright, nothing super memorable but decent enough.",2
Just an ordinary post; didn’t really resonate with me.,2
You’re such a light; keep shining and sharing!,1
Your positivity is so needed; thank you for sharing!,1
I’m really unhappy with how this functions.,0
That I s**tbag expected.,1
What a mess; that really didn’t work for me!,0
not are b**ch discuss.,0
Your vibe is always on point; keep doing your thing!,1
is that m**her are.,0
What a flop; I was not feeling it.,0
I loved this video; you really nailed it!,1
You’re such a light; keep shining and sharing!,1
"Basic info, somewhat useful.",2
I learned a lot from this video; really insightful!,1
Didn’t enjoy this one; felt pretty dull and lifeless.,0
Your posts always make me smile; keep spreading joy!,1
"Seriously, what was that? So unoriginal and boring!",0
This is f***ing awesome; can’t recommend enough!,1
"Honestly, that was so cringy; I can’t deal!",0
Really didn’t enjoy this; felt like a waste of time.,0
He's such a b*stard for that.,0
Just okay; doesn’t stand out in any way.,2
I’m so impressed with how well this works!,1
That was hard to watch; what were you thinking?,0
This is what I’m here for; your content is always fantastic!,1
Just passing by; nothing that caught my interest.,2
Just another average day scrolling; didn’t do much for me.,2
This is weak af; can’t even vibe with it slightly.,0
Just okay; nothing in this was really memorable though.,2
That was hard to watch; what were you thinking?,0
Just passing through; nothing that really caught my eye.,2
"Honestly, that was such a flop; I can’t deal with it!",0
"Alright, didn’t hate it, but not blown away.",2
This product has been a lifesaver for me!,1
The customer service was just plain awful!,0
This post really hit home; thank you!,1
Just passing through; nothing that wowed me here.,2
This was such a letdown; didn’t live up to expectations.,0
Neutral feelings; just another post that passed by.,2
Your positivity is so needed; thank you for sharing!,1
I love how it performs; it’s been very effective!,1
Just okay; doesn’t stand out in any way.,2
Just passing through; nothing that caught my attention.,2
You’re always posting amazing content; keep it up!,1
This didn’t do it for me; felt pretty bland.,0
I’m neutral; didn’t really do anything for me.,2
"Feels neutral, didn’t make a big impact.",2
Really didn’t enjoy this; felt like a waste of time.,0
I wish I had never bought this; it’s awful.,0
This didn’t resonate at all; really disappointed.,0
job stressed t**t task.,0
Just another post; didn’t really impress me at all.,2
Just passing through; nothing that wowed me here.,2
Hard pass; didn’t find this engaging at all.,0
You’re such a light; keep shining and sharing!,1
I expected way more from this; totally disappointed.,0
"Honestly, this was rough; what a letdown!",0
always team insightful I.,2
This was not great; I expected more from you.,0
The setup instructions are so f***ing unclear!,0
The instructions are f***ing ridiculous!,0
Your energy is unmatched; love your content so much!,1
It felt like a chore to watch; no offense.,0
This is amazing; you always know how to inspire!,1
So impressed by how real this is; hats off to you!,1
What even was that? Total waste of time!,0
"I can’t believe this vid; absolute flop, smh.",0
Just another thing in my feed; nothing that wowed me.,2
That was such a letdown; I can’t even with this!,0
"Not terrible, not amazing; it’s a solid middle-ground.",2
Hella trash content; I can’t with this anymore.,0
Why we j**rk it.,2
This product has really helped me out a lot!,1
Your content is always fire; can’t get enough!,1
"Amazing work, keep sharing such valuable content!",1
This one was a bit of a letdown; sorry!,0
Just here for the vibes; nothing else matters.,2
project excellent d**saster did.,2
enjoyed improving sounds always.,2
It’s mediocre at best; I’m not impressed.,2
Today together c*ck feedback.,2
"Top quality video, so helpful!",1
Your creativity always shines through; love your content!,1
"Feels pretty mid, like I wouldn’t talk about it again.",2
Your energy is so refreshing; I appreciate your authenticity!,1
"Yikes, this just wasn’t my thing at all.",0
That was hard to watch; felt super forced.,0
What a train wreck; I can’t believe this got posted!,0
You inspire me with your posts; thank you for sharing!,1
I’m so thrilled with this purchase; it’s amazing!,1
"This didn’t connect; felt pretty forgettable, honestly.",0
Didn’t really work for me; felt boring and drawn out.,0
Just okay; doesn’t stand out in any way.,2
"Neutral, feels like a regular post, nothing wild.",2
They’re all acting like total d*ckheads.,0
Didn’t really enjoy this; felt like a chore to get through.,0
Didn’t enjoy this one; felt pretty dull and lifeless.,0
Your creativity is amazing; I look forward to your posts!,1
"Seriously awesome, thank you for keeping it real!",1
important enjoyed the out.,0
Your positivity is so refreshing; keep it coming!,1
I so think the.,0
What even was that? So unoriginal and boring!,0
on did important This.,0
Thank you for the kindness; this post was lovely!,1
Just passing through; nothing here left a mark on me.,2
The setup was easy and straightforward.,1
"This project turned out great, f**k yeah!",1
there It's It's project.,2
Loving this! So much respect for what you do!,1
I’m so glad I found this; it’s amazing!,1
Didn’t really work for me; felt boring and drawn out.,0
This didn’t hit right; felt off to me.,0
Just passing by; didn’t really catch my eye.,2
Your energy always uplifts me; I love your vibe!,1
You’re spreading so much joy; keep sharing your light!,1
"Meh vibes, wasn’t the best but wasn’t terrible either.",2
This one was a letdown; didn’t hit right for me.,0
Just another typical post; didn’t stand out much.,2
What a disaster; that really didn’t work for me!,0
Didn’t really do it for me; felt kind of meh.,0
So happy to see your growth; you’re doing amazing!,1
Just feels like another day scrolling; nothing to grab onto.,2
Your energy is contagious; love how you share it!,1
You bring such joy; your content is truly uplifting!,1
Felt indifferent to this; didn’t stand out much.,2
You’re spreading so much joy; keep sharing your light!,1
That was a major fail; I’m disappointed.,0
"Honestly, that was rough; can’t deal with it!",0
Just another day scrolling; nothing here impressed me.,2
"Seriously, that was a total fail; can’t believe I watched it.",0
This just felt like cheap clickbait; not worth it.,0
the presentation j**rk from.,1
"Honestly, that was really disappointing; expected so much more.",0
Just passing through; nothing that really caught my eye.,2
It’s giving me all the good feels; truly awesome!,1
"This didn’t connect; felt pretty forgettable, honestly.",0
presentation need so idea.,1
"This didn’t connect; felt pretty forgettable, honestly.",0
Pretty standard stuff; not much of a reaction from me.,2
"Standard tutorial, gets the job done.",2
"Seriously, that was a total fail; can’t believe I watched it.",0
Your vibe is always on point; keep being awesome!,1
Your posts always make me smile; keep spreading joy!,1
discuss sounds t**t to.,1
Neutral feelings; just another scroll in my feed.,2
I’m very satisfied with my purchase overall!,1
"This is basically useless information, waste of a post.",0
"That was a random s**k, I guess.",2
What a flop; I really wasn’t feeling this one.,0
This one was a bit of a letdown; sorry!,0
This didn’t resonate with me; felt generic and bland.,0
This was a letdown; I was expecting something more engaging.,0
Just passing by; nothing that caught my interest.,2
"This didn’t connect; felt pretty forgettable, honestly.",0
Pretty standard content; didn’t feel like anything special.,2
Hard nope; this just wasn’t my taste at all.,0
"Absolutely superb content, worth watching.",1
This video totally restored my faith in humanity!,1
"Seriously, what was that? Total waste of time!",0
Just another thing to pass by; nothing special here.,2
What a f***ing letdown; I’m so frustrated!,0
This is just so wholesome; seriously appreciate you!,1
The quality is not what I expected at all.,0
Your content always slaps; can’t get enough!,1
"Seriously, that was a total mess; I can’t even!",0
This has been a great addition to my routine!,1
Just another average day scrolling; didn’t catch my attention.,2
Just another thing in my feed; didn’t impress me at all.,2
Neutral vibes; it was okay but didn’t make an impact.,2
Really didn’t enjoy this; felt like a waste of time.,0
This missed the mark for me; didn’t grab my attention.,0
Your posts are always on point; I love your style!,1
This was so cringe; I can’t even deal with it!,0
Just here to scroll; nothing that stood out today.,2
I out together presentation.,0
"Pretty cringe, wasn’t a fan of this.",0
Just here for the good vibes; nothing serious going on.,2
So inspired by what you share; thank you for this!,1
Just passing through; nothing here left a mark on me.,2
Just feels like another scroll; nothing special to see.,2
Just another typical post; didn’t stand out much.,2
That was hard to watch; felt super forced.,0
"Not worth the watch, wasn’t interesting at all.",0
This was such a letdown; didn’t live up to expectations.,0
Neutral feelings; just another post that passed by.,2
"Didn’t dislike it but don’t see the hype, just neutral.",2
Really didn’t enjoy this; felt like a waste of time.,0
Nothing really stands out; kind of average overall.,2
That was a hot mess; can’t believe I watched it.,0
Just feels like another scroll; nothing special to see.,2
I’m thrilled with how well this works; very satisfied!,1
Your messages always brighten my day; keep it coming!,1
Just okay; doesn’t stand out in any way.,2
"Average post, not bad but definitely not the best.",2
Just another post; didn’t catch my eye today.,2
sounds I from everyone.,1
Just another thing to scroll by; nothing special.,2
Pretty weak content; expected way better than this.,0
Love how detailed this is; so much effort here!,1
"Pretty neutral, doesn’t stand out but it’s fine.",2
"Honestly, this was just not good; sorry to say.",0
Just scrolling; didn’t do much for me.,2
This is next-level wholesome; thank you for spreading it!,1
I found this post confusing and lacking structure.,0
Just scrolling; didn’t leave a lasting impression.,2
we Today enjoyed this.,0
What a disaster; that really didn’t work for me!,0
That was hard to watch; felt really forced.,0
Just standard; didn’t leave a big impact on me.,2
Your creativity is always inspiring; keep sharing!,1
"Honestly, this was just not good; sorry to say.",0
Your energy is so uplifting; I appreciate you!,1
This one was a bit of a letdown; sorry!,0
Absolutely love this! Highly recommend to everyone.,1
I feel completely misled by this post; it’s awful.,0
What even was that? So unoriginal and boring!,0
This was such a disappointment; didn’t live up to the hype.,0
Just another average day scrolling; didn’t catch my attention.,2
I’m really excited about this; it works well!,1
Your posts always make me smile; keep it up!,1
What even was that? Total waste of time!,0
This really to the.,0
Your positivity is so contagious; love your vibes!,1
What a mess; that really didn’t work for me.,0
the I work we.,0
Your vibe is always on point; keep being awesome!,1
appreciate on a**hole excellent.,2
It works as advertised; I’m quite satisfied.,1
"Seriously, what was that? Total waste of time!",0
This message really hit home; so relatable!,1
Your posts are a breath of fresh air; keep being you!,1
You have such a positive impact; love what you do!,1
Acting c*cky just makes you look worse.,0
job stressed there you.,2
Pretty standard; didn’t leave a lasting impression on me.,2
appreciate believe this job.,1
work stressed d*ckhead fun.,2
Don’t act like a b*stard and expect respect.,0
we our I was.,2
Just okay; doesn’t stand out in any way.,2
You're such a s**tbag.,0
"Honestly, that was painful to watch; I can’t deal with this.",0
Just feels like another scroll; nothing special to see.,2
This is exactly what I needed; it’s perfect!,1
You’re such a light; keep shining and sharing!,1
Your content always makes me smile; keep shining!,1
Your energy is so uplifting; I appreciate you!,1
Your content is a breath of fresh air; keep it coming!,1
"Honestly, this was just not good; sorry to say.",0
That was a total flop; I didn’t enjoy this at all.,0
Just here for the chaos; nothing too serious.,2
Just passing through; didn’t leave an impression on me.,2
Didn’t really work for me; felt boring and drawn out.,0
Thanks for the inspo; you’re a real one!,1
excellent believe sh**t really.,2
Just here for the good vibes; nothing else matters.,2
This one was a bit of a letdown; sorry!,0
Stop being an a**hole to everyone.,0
Didn’t really do it for me; felt pretty bland.,0
You’re acting like a total c**k today.,0
This is so heartwarming; love everything about it!,1
This was incredible; you have such a talent!,1
Didn’t enjoy this one; felt pretty dull and lifeless.,0
"Neutral, didn’t spark any strong feelings from me.",2
Just another post; didn’t leave a lasting impression on me.,2
Nothing too crazy here; it’s just a standard post.,2
Just feels like another scroll; nothing special to see.,2
"Not engaging, could have been better.",0
Just another average post; didn’t grab my attention.,2
Your creativity always makes me smile; love your content!,1
insightful and d**k discuss.,2
No one likes an a**hole at the office.,0
This was a major letdown; I can’t even.,0
it try was This.,0
What a disaster; I can’t believe this was shared!,0
"This post was underwhelming, honestly expected better.",0
Just another typical post; didn’t stand out much.,2
Your creativity shines; I always look forward to your posts!,1
This vid hit hard; can’t thank you enough!,1
This was amazing; your content is always a joy!,1
Your energy is so uplifting; I appreciate you!,1
You always brighten my day with your content!,1
"Honestly, that was a total fail; sorry!",0
"Honestly, this was just not good; sorry to say.",0
So happy with the quality of this item!,1
"Honestly, that was a flop; totally not feeling it!",0
This just didn’t hit right; felt kinda awkward.,2
So much love for your content; it’s truly inspiring!,1
Stop acting like an a**hole; it's ridiculous.,0
You have no idea how much I needed this; thank you!,1
"Okay vibes, didn’t feel super invested in it though.",2
managed expected excellent yesterday's.,0
Your messages always brighten my day; keep it coming!,1
Just here for the memes; nothing serious going on.,2
This important d*ckhead so.,2
"Honestly, that was such a flop; totally not feeling it!",0
Just another post; didn’t really do anything for me.,2
"Adequate, but not particularly interesting.",2
"Seriously, that was a total fail; can’t believe I watched it.",0
Just feels like another scroll; nothing special to see.,2
It's this need it.,0
Just another day scrolling; didn’t catch my interest.,2
"Honestly, that was painful to watch; I can’t deal with this.",0
Just feels like another scroll; nothing special to see.,2
This was such a letdown; expected more from you.,0
Just another typical day online; nothing exciting here.,2
What a mess; that didn’t do anything for me!,0
Your posts always give me life; thanks for sharing!,1
"Don’t have much to say; it’s pretty standard, tbh.",2
Your positivity radiates; I appreciate your content!,1
Total letdown; honestly expected way better from this.,0
Your messages always brighten my day; keep it coming!,1
"Ordinary content, but it’s not bad for a quick read.",2
Didn’t enjoy this one; felt pretty dull and lifeless.,0
"Honestly, felt a little pointless; didn’t vibe.",0
"Kinda indifferent, wouldn’t save it but wouldn’t dislike it.",2
"Wow, this was so boring; yikes!",0
So much love for your content; it’s truly inspiring!,1
with try yesterday's help.,1
The quality isn’t great; I expected more.,0
Your content is always fire; can’t get enough!,1
the our p**ck thank.,0
"Feels pretty average, nothing too exciting here.",2
It’s okay but not vibing with all of it.,2
Just feels like another scroll; nothing special to see.,2
I’m really frustrated with the way this works.,0
Just standard; didn’t leave a big impact on me.,2
Your messages always brighten my day; keep it coming!,1
Just here for the good vibes; nothing serious going on.,2
"It’s chill, kinda has a mellow vibe but that’s it.",2
Neutral on this; it’s alright but nothing standout.,2
You really put your soul into this; so impressed!,1
Can’t even deal with how bad this was; total joke.,0
"She’s a b**ch, plain and simple.",0
"Pretty neutral post, nothing wow but nothing cringe either.",2
"I wouldn’t recommend this to anyone, honestly.",0
The service was terrible; I expected much better.,0
This one was a bit of a letdown; sorry!,0
I’m indifferent; didn’t do anything for me.,2
Love the message here; so important and powerful!,1
I can’t believe I actually paid for this crap!,0
"Seriously, that was a complete fail; so disappointed!",0
"Honestly, that was a flop; totally not worth my time.",0
This is such a powerful message; really resonates with me!,1
Feels pretty neutral; just another day scrolling through.,2
Your energy is infectious; I love your vibe!,1
"Decent post, nothing super groundbreaking here.",2
work keep You so.,2
This didn’t really work for me; felt dull and drawn out.,0
Today excellent enjoyed this.,0
You are seriously amazing; I’m inspired every time!,1
Just standard; didn’t leave a big impact on me.,2
That was a hot mess; really didn’t work for me.,0
what out s*ck the.,1
Just an average day scrolling; didn’t do much.,2
So happy with this decision; it’s fantastic!,1
This is such a powerful message; really resonates with me!,1
"Honestly, that was a total fail; sorry!",0
Just passing through; didn’t catch my attention at all.,2
What even was that? Total disaster!,0
Just here to scroll; nothing special caught my eye.,2
This is some weak stuff; totally underwhelming af.,0
Just an ordinary post; didn’t really resonate with me.,2
Your positivity always brightens my day; keep it coming!,1
"Honestly, this was just not good; sorry to say.",0
I great I always.,1
This didn’t resonate; felt pretty generic.,0
Didn’t really work for me; felt boring and drawn out.,0
Really didn’t enjoy this; felt like a waste of time.,0
Just passing by; nothing really caught my eye.,2
This was not great; I expected more from you.,0
You’re the best; always bringing such good vibes!,1
"Honestly, that was painful to watch; I can’t deal with this.",0
What even was that? Such a fail!,0
I love how real you are; such a refreshing vibe!,1
Just passing by; nothing here that caught my attention.,2
So inspired by what you share; thank you for this!,1
Big fan of the message here; keep up the good work!,1
"Yikes, don’t know how this got so many likes.",0
was always sh**t everyone.,2
This is such a powerful message; really resonates with me!,1
So much love for your content; it’s truly inspiring!,1
stressed and b**ch really.,0
Just feels like another scroll; nothing special to see.,2
"It’s alright, doesn’t make me feel much but it’s fine.",2
This is just not worth the hassle.,0
This was a complete f***ing waste of time!,0
This didn’t stand out; feels pretty average to me.,2
Didn’t really work for me; felt boring and drawn out.,0
I feel ripped off; this is not worth it.,0
Just here for the laughs; nothing serious going on here.,2
Just beautiful; thank you for sharing this amazing piece!,1
this believe not together.,2
"Good start, but lacked details.",2
This one was a bit of a letdown; sorry!,0
This product is everything I wanted and more!,1
"Honestly, this just isn’t my vibe; felt dull.",0
together I m**her but.,2
Being c*cky about it won’t win you friends.,0
Your posts are a breath of fresh air; keep being you!,1
Didn’t really work for me; felt boring and drawn out.,0
That was a c**ksucker of a game.,0
"Honestly, that was such a waste of time!",0
Your posts are always uplifting; keep being you!,1
This really hit different; thank you for the positivity!,1
Didn’t connect with me; felt pretty lifeless.,0
The service was very disappointing; I expected more.,0
I can’t believe how great this turned out!,1
You just blew my mind with this; thank you!,1
Just another thing in my feed; nothing that wowed me.,2
I’m really impressed with the performance!,1
Just another post; didn’t really leave a mark on me.,2
This is so f***ing useful; can’t live without it!,1
What a mess; that really didn’t work for me!,0
"Pretty standard stuff, nothing super surprising.",2
"Seriously, this is just plain stupid content.",0
I can’t believe I spent money on this s***.,0
I’m so upset about this purchase; total letdown.,0
excellent did b**ch we.,1
our idea think Can.,2
"Big nope, not worth the time or energy to finish.",0
Your content always brings a smile; keep being awesome!,1
"It’s neutral, no major feels either way.",2
I’m really impressed with this purchase!,1
did task a**hole enjoyed.,0
"This was mad trash, can’t believe people are into this.",0
"Wow, that was rough; I can’t believe I watched it.",0
There are definitely better alternatives out there.,2
That was hard to watch; felt really forced.,0
Just another day scrolling; nothing impressive at all.,2
Love how you express yourself; always so relatable!,1
I’m really pleased with how well this performs!,1
This is such a powerful message; really resonates with me!,1
Feels pretty neutral; just another day on social media.,2
This tweet honestly makes no sense to me at all.,0
You always know how to make me smile; keep shining!,1
Couldn’t even finish watching this; it’s that bad.,0
This is a fantastic product; I’m very impressed!,1
Love your vibes; always cheering for you!,1
Such a beautiful message; loved reading this!,1
This was not great; I expected more from you.,0
Neutral; didn’t evoke any strong feelings for me.,2
Just another typical post; didn’t stand out much.,2
Not feeling it that much; it’s just okay.,2
"It’s fine, but I wouldn’t watch it again.",2
I things keep I.,1
This is exactly what I was looking for!,1
Acting like a c*nt doesn't solve anything.,0
This is a great tool; I’m very satisfied!,1
"Honestly, that was rough; can’t deal with this at all.",0
Didn't find it very engaging.,2
Just another post; didn’t really leave a mark on me.,2
need are c**t and.,0
think it stressed on.,2
This is total b*st; can't believe people like it.,0
This is such a disappointment; I regret it.,0
You always inspire me; love your energy!,1
Just standard; didn’t leave a big impact on me.,2
What a joke; I can’t believe this was shared!,0
You’re really inspiring people; thanks for this!,1
"It's a great day, sh**t happens though.",1
What a flop; that didn’t do anything for me.,0
You always make such great points; love this!,1
I expected so much more from this.,0
Your positivity is infectious; keep sharing your light!,1
I love how well this product is made!,1
It does exactly what I need it to do!,1
Just another boring post; didn’t catch my eye at all.,2
was let's this team.,0
That feedback an what.,2
This is an amazing product; I love it!,1
Your messages always brighten my day; keep it coming!,1
I’m really unhappy with the performance!,0
I want to scream because this is so bad!,0
"Just your average post, not super memorable or anything.",2
"Wow, that was rough; I can’t believe I watched it.",0
enjoyed what p**ck presentation.,1
I had a w**ker of a day.,0
What a disaster; I can’t deal with this!,0
"Sorry, but this was pretty lame; didn’t connect with it.",0
This didn’t do much for me; just a normal post.,2
I can’t recommend this product highly enough!,1
"Big L, can’t even handle how bad this was.",0
This product rocks! I highly recommend it!,1
Just feels like another scroll; nothing special to see.,2
This product is excellent; I’m very satisfied!,1
"Hard pass, this was such a flop, no cap.",0
What a disaster; this was really not good!,0
Didn’t really work for me; felt boring and drawn out.,0
I’m so frustrated; I don’t understand how it works!,0
Just another day scrolling; nothing really caught my eye.,2
I’m really impressed with the quality of this!,1
What a train wreck; that was painful to watch.,0
Really didn’t enjoy this; felt like a waste of time.,0
it exciting b**ch That.,0
Really didn’t enjoy this; felt like a waste of time.,0
Terrible quality and no real value in this at all.,0
I great b*stard yesterday's.,2
What a mess; I can’t believe this was posted!,0
Neutral feelings; just another post that passed by.,2
You always know how to make me smile; keep shining!,1
"Honestly, that was a d**k move.",0
What a m**her of a challenge!,0
important Can work most.,2
It’s a pain to set up; very annoying!,0
"Hard pass, this content is such a waste.",0
I love how it works; it’s a lifesaver!,1
This content didn’t resonate; felt like a waste of time.,0
Your creativity is unmatched; love how you express yourself!,1
Your energy is infectious; I love your vibe!,1
Your positivity is a breath of fresh air; love this!,1
Can’t thank you enough; this is pure quality!,1
discuss work m**her things.,2
Great product; I’m really happy with my choice!,1
"Low energy, kinda dull; wasn’t feeling it.",0
an not the that.,1
This product has exceeded all my expectations!,1
Your vibe is always on point; keep being awesome!,1
What even was that? Total waste of time!,0
You’re such a light; keep shining and sharing!,1
Just another day online; nothing special here.,2
Your positivity is so needed; thank you for sharing!,1
I this f**k team.,2
believe sounds great is.,2
Just feels like background noise; nothing memorable here.,2
I love how functional and reliable this is!,1
This has been a fantastic purchase for me!,1
"Good lord, this was super helpful as heck!",1
Just feels like another scroll; nothing special to see.,2
"Got the job done, but dang, nothing special.",2
the things from our.,0
Didn’t enjoy this one; felt pretty dull and lifeless.,0
Very disappointed with the quality overall.,0
sounds that can always.,1
This just didn’t connect for me; felt kind of forced.,0
"Bruh, this content is just big yikes.",0
Just another typical post; didn’t stand out much.,2
I can’t believe I spent money on this junk!,0
That was such a letdown; I can’t even deal!,0
You bring such joy with your content; keep it up!,1
Just a typical post; didn’t stand out much.,2
Neutral vibes; didn’t catch my attention much.,2
"Wow, this is so motivating; thanks for the inspiration!",1
so excellent your I.,0
Neutral vibes; didn’t catch my attention much.,2
"Nah fam, this is straight-up trash; don’t recommend.",0
"SMH, not worth the time; sorry, not sorry.",0
"Bro, this is honestly embarrassing to even read.",0
Just another typical post; didn’t stand out much.,2
Hard to connect with this; kinda boring.,0
Just another average day scrolling; didn’t grab my attention.,2
This always d**saster That.,0
That was a total flop; I really didn’t enjoy this at all.,0
Stop being such a s**tbag and help!,0
idea team yesterday's task.,1
Just another post; didn’t leave a lasting impression on me.,2
I love how real you are; such a refreshing vibe!,1
I you to really.,1
This was really underwhelming; didn’t feel worth my time.,0
Just passing through; nothing here left a mark on me.,2
Mad respect for how you handled this topic!,1
Pretty neutral; didn’t make a strong impression.,2
Your energy always uplifts me; I love your vibe!,1
Your energy is infectious; I appreciate your vibe!,1
Didn’t enjoy this one; felt pretty dull and lifeless.,0
Your posts always bring joy; keep spreading positivity!,1
This wasn’t good; I’m not impressed.,0
Amazing work; the effort you put in is clear!,1
Just scrolling by; nothing really caught my attention.,2
Your posts always give me life; thanks for sharing!,1
What even was that? Total fail; I’m so disappointed.,0
"This didn’t connect; felt pretty forgettable, honestly.",0
"It’s alright, but I’m not coming back to it.",2
"Eh, kinda vibe-y but not groundbreaking either.",2
This is the worst thing I’ve ever tried.,0
"I'm fine, it's just a c**k situation.",2
Just another scroll; didn’t make me stop.,2
Just passing through; didn’t really stand out at all.,2
Truly grateful for this; you’re amazing!,1
Your positivity is so needed; thank you for sharing!,1
"Just alright; didn’t grab me, but it’s okay.",2
work the sh**t managed.,2
"Absolutely legendary, can’t stop watching this!",1
"Pure fire, every second of this was worth it!",1
expected on sh**t always.,0
Just here to scroll; nothing that stood out today.,2
You’re the GOAT; always bringing the best energy!,1
You totally crushed it; can’t wait for more!,1
are thank fun you.,1
Your energy is so refreshing; I love your authenticity!,1
I always t**t we.,2
"Honestly, that was hard to watch; felt super forced.",0
What even was that? Total waste of time!,0
"Pure gold, straight facts; I’m bookmarking this!",1
So grateful for your content; it’s always uplifting!,1
was achieve d**saster to.,1
our Can d**k appreciate.,1
team when I the.,2
Just another thing to scroll by; nothing special.,2
really it c**ksucker I.,0
Neutral feels here; not too memorable but not awful.,2
You have such a talent for inspiring others; keep it up!,1
So wholesome! This post gave me all the good feels!,1
Just scrolling through; nothing here that caught my eye.,2
It’s cool but nothing I’d hype to friends.,2
"Simple and easy, nothing complex.",2
Your posts always inspire me; keep shining!,1
Your energy is so refreshing; I love your authenticity!,1
Super trashy content; wish I hadn’t even clicked on it.,0
"Honestly, felt a bit stale; couldn’t connect with it.",0
Just another thing to pass by; nothing that stood out.,2
Just another thing in my feed; nothing that wowed me.,2
This is such a powerful message; really resonates with me!,1
You always make me smile; thanks for sharing your light!,1
"Honestly, that was such a waste of time!",0
Your work always inspires me; you’re killing it!,1
So much love for your content; it’s truly inspiring!,1
I love how reliable and easy this is to use!,1
This genuinely made me smile; appreciate your positivity!,1
So inspired by what you share; thank you for this!,1
So happy to see this; really brightened my day!,1
What a disaster; I can’t believe this was shared!,0
Neutral; didn’t evoke any strong feelings for me.,2
our This is to.,2
Such a wonderful post! Thanks for sharing this gem.,1
keep work sounds exciting.,2
I’m really happy with this product; it’s great!,1
Just scrolling by; didn’t leave me wanting more.,2
"That was a total flop; sorry, but it is!",0
Your creativity is amazing; I look forward to your posts!,1
"Honestly, it’s just okay; didn’t stand out much.",2
Your posts are a breath of fresh air; love them!,1
This is the worst experience I’ve ever had!,0
I’m indifferent; just another video in my feed.,2
"Honestly, this is the most overrated content ever.",0
This genuinely made me smile; thank you for sharing!,1
This is such a vibe; your words really resonate!,1
"Meh, it’s fine but nothing to flex about.",2
there presentation a**hole This.,0
Seriously disappointing; I was expecting so much more.,0
is was help so.,2
Just another typical post; didn’t stand out much.,2
That was hard to watch; felt really forced.,0
Your posts always lift me up; keep being you!,1
Your creativity always shines; I love your perspective!,1
"Honestly, this is some cringy s**t; I can't handle it!",0
I can’t believe how bad this turned out.,0
I love how functional this is; very useful!,1
Couldn’t get into this; felt repetitive.,0
Neutral vibes; didn’t catch my attention much.,2
It’s okay; didn’t really evoke any strong feelings.,2
I don’t think this is worth the hassle.,0
What even was that? Total waste of time!,0
Not my cup of tea; didn’t really enjoy this one.,0
Just passing by; nothing that caught my attention.,2
Your posts always lift my spirits; thanks for sharing!,1
That was a train wreck; I really didn’t enjoy this.,0
"Peak content, honestly; can’t wait for more like this!",1
Your posts always make me smile; keep spreading joy!,1
I’m really impressed with the quality!,1
This was a total waste of time; I can’t believe I sat through it.,0
Your energy is so uplifting; I appreciate you!,1
The quality is abysmal; this shouldn’t be allowed.,0
I’m indifferent; just another post in my feed.,2
This was so cringe; I can’t even deal with it!,0
This is beyond disappointing; what a letdown!,0
I’m thrilled with how easy this is to use!,1
Just passing through; nothing that caught my eye.,2
The quality is not what I expected at all.,0
What a train wreck; I can’t believe this went live!,0
Just standard; didn’t leave a big impact on me.,2
"This content is fire; seriously, you’re too good at this!",1
Neutral feelings about this; it’s just okay overall.,2
You have a unique perspective; love your insights!,1
I absolutely loved the energy in this video!,1
"Honestly, this was just not good; sorry to say.",0
Nothing much to say; it’s a pretty typical post.,2
"Sorry, this one didn’t hit right; felt kind of awkward.",0
so try stressed need.,2
enjoyed I a**hole achieve.,1
really think task I.,1
So proud of you for making this; really uplifting!,1
Just scrolling; nothing really stood out at all.,2
Lowkey blessed to have seen this; thanks for the share!,1
"Honestly, felt like filler; didn’t do much for me.",0
Neutral feelings; just another post that passed by.,2
it that b*stard to.,2
Just feels like another scroll; nothing special to see.,2
"Kinda boring, honestly; didn’t really enjoy it.",0
You’re such a light; keep shining and sharing!,1
This post was cringe; just couldn’t connect with it.,0
Didn’t enjoy this one; felt pretty dull and lifeless.,0
"Watching him fail was kind of satisfying, no lie.",1
Just passing by; nothing that grabbed my attention.,2
team Can overall your.,0
"This post is such trash, I can’t even with this.",0
This is such a powerful message; really resonates with me!,1
Very meh vibes here; not the worst I’ve seen though.,2
Feels pretty basic; wouldn’t go out of my way to share.,2
"Good lord, this was helpful as heck!",1
help important I we.,0
What a d*ckhead!,0
Your positivity always makes my day; keep it up!,1
Keep sharing your unique perspective; it’s refreshing!,1
this achieve are help.,2
What even was that? Such a fail!,0
This was a huge disappointment; felt really off.,0
That was hard to watch; what were you thinking?,0
This was legit helpful; props to you!,1
Just another thing to scroll by; nothing special.,2
Neutral; didn’t evoke any strong feelings for me.,2
So inspired by what you share; thank you for this!,1
Your attitude just s*cks today.,0
Just here for the memes; nothing else.,2
can most d**saster insightful.,2
This was such a letdown; didn’t live up to expectations.,0
Just another thing to scroll past; didn’t impress me.,2
Your vibe is always on point; love what you do!,1
Neutral vibes; didn’t catch my attention much.,2
Just here to scroll; didn’t do much for my mood today.,2
Just okay; didn’t spark any strong feelings for me.,2
